"","num.reads","ASVs","max.props","detected"
"ASV_3391",2,"ASV_3391",9.53743443013829e-05,1
"ASV_2654",7,"ASV_2654",0.000410798122065728,1
"ASV_2882",5,"ASV_2882",0.00037656273535171,1
"ASV_2667",7,"ASV_2667",0.00032478077297824,1
"ASV_3237",3,"ASV_3237",0.000143232275005968,1
"ASV_2603",7,"ASV_2603",0.000500142897970849,1
"ASV_602",7,"ASV_602",0.000211693975189466,2
"ASV_3523",2,"ASV_3523",9.66043568564942e-05,1
"ASV_2778",6,"ASV_2778",0.000568181818181818,1
"ASV_2779",6,"ASV_2779",0.000568181818181818,1
"ASV_3540",2,"ASV_3540",0.000116016010209409,1
"ASV_2626",7,"ASV_2626",0.000285714285714286,1
"ASV_3046",4,"ASV_3046",0.00020730759264058,1
"ASV_2643",7,"ASV_2643",0.000365420755898935,1
"ASV_3053",4,"ASV_3053",0.000173115208171038,1
"ASV_3583",2,"ASV_3583",9.45447669471495e-05,1
"ASV_2922",5,"ASV_2922",0.000263449075293746,1
"ASV_3309",3,"ASV_3309",0.000122799836266885,1
"ASV_3429",2,"ASV_3429",0.000100593501659793,1
"ASV_3569",2,"ASV_3569",9.71298139964062e-05,1
"ASV_2606",7,"ASV_2606",0.000520523497917906,1
"ASV_2703",6,"ASV_2703",0.000340599455040872,1
"ASV_2714",6,"ASV_2714",0.00033101621979477,1
"ASV_2774",6,"ASV_2774",0.000199448193331782,1
"ASV_2996",4,"ASV_2996",0.00019933223700603,1
"ASV_3414",2,"ASV_3414",0.000188164455734312,1
"ASV_3664",2,"ASV_3664",8.36540070269366e-05,1
"ASV_2569",7,"ASV_2569",0.000374491761181254,1
"ASV_2638",7,"ASV_2638",0.000270259835527586,1
"ASV_3203",3,"ASV_3203",0.000210629783051323,1
"ASV_3260",3,"ASV_3260",0.000154352747478905,1
"ASV_3455",2,"ASV_3455",0.000122249388753056,1
"ASV_3519",2,"ASV_3519",9.70449803483915e-05,1
"ASV_3611",2,"ASV_3611",0.000141843971631206,1
"ASV_3181",3,"ASV_3181",0.000165864985901476,1
"ASV_3117",4,"ASV_3117",0.000185589013130423,1
"ASV_2785",6,"ASV_2785",0.000243704305442729,1
"ASV_2782",6,"ASV_2782",0.000314828418511911,1
"ASV_3047",4,"ASV_3047",0.000193208713712988,1
"ASV_3082",4,"ASV_3082",0.000261694471704285,1
"ASV_3329",3,"ASV_3329",8.78271561566837e-05,1
"ASV_3448",2,"ASV_3448",0.000134616679006529,1
"ASV_3474",2,"ASV_3474",0.000104128703077003,1
"ASV_3527",2,"ASV_3527",0.000145085237577077,1
"ASV_3273",3,"ASV_3273",0.000138677021217584,1
"ASV_3060",4,"ASV_3060",0.000163398692810458,1
"ASV_3601",2,"ASV_3601",0.000131053010942926,1
"ASV_2581",7,"ASV_2581",0.000296371565265253,1
"ASV_2640",7,"ASV_2640",0.000323579716174363,1
"ASV_2798",6,"ASV_2798",0.000362691168470048,1
"ASV_2985",4,"ASV_2985",0.000185408361917122,1
"ASV_3156",3,"ASV_3156",0.000150541951023685,1
"ASV_3297",3,"ASV_3297",0.000201491033649003,1
"ASV_3310",3,"ASV_3310",0.000186323830817962,1
"ASV_3452",2,"ASV_3452",0.000102822476993471,1
"ASV_3575",2,"ASV_3575",0.000157666535277887,1
"ASV_3588",2,"ASV_3588",0.000103637682661416,1
"ASV_2605",7,"ASV_2605",0.000426907361102641,1
"ASV_2710",6,"ASV_2710",0.000818442231619152,1
"ASV_2727",6,"ASV_2727",0.000265992818193909,1
"ASV_2836",5,"ASV_2836",0.000253832876434156,1
"ASV_2840",5,"ASV_2840",0.000262412091949197,1
"ASV_2859",5,"ASV_2859",0.000384437951714593,1
"ASV_2982",4,"ASV_2982",0.000290486564996369,1
"ASV_3004",4,"ASV_3004",0.000278164116828929,1
"ASV_3216",3,"ASV_3216",0.000170716439993171,1
"ASV_3292",3,"ASV_3292",0.000145482760292905,1
"ASV_3324",3,"ASV_3324",0.000170096955264501,1
"ASV_3616",2,"ASV_3616",9.979541939025e-05,1
"ASV_2571",7,"ASV_2571",0.000479912244618127,1
"ASV_2589",7,"ASV_2589",0.000503235082674335,1
"ASV_2608",7,"ASV_2608",0.000247489746853345,1
"ASV_2641",7,"ASV_2641",0.000428763934827882,1
"ASV_2704",6,"ASV_2704",0.000453240670796193,1
"ASV_2718",6,"ASV_2718",0.000366278005005799,1
"ASV_2754",6,"ASV_2754",0.000359023456199138,1
"ASV_2755",6,"ASV_2755",0.000402657539762432,1
"ASV_2788",6,"ASV_2788",0.000296091590998816,1
"ASV_2845",5,"ASV_2845",0.000206739714699194,1
"ASV_2861",5,"ASV_2861",0.000415351387273634,1
"ASV_2972",4,"ASV_2972",0.000233440326816458,1
"ASV_2995",4,"ASV_2995",0.000208496221005994,1
"ASV_3021",4,"ASV_3021",0.000292590154341306,1
"ASV_3041",4,"ASV_3041",0.000300525920360631,1
"ASV_3281",3,"ASV_3281",0.000292654375182909,1
"ASV_3306",3,"ASV_3306",0.000230043708304578,1
"ASV_3321",3,"ASV_3321",0.000171546203110704,1
"ASV_3403",2,"ASV_3403",8.26958858796775e-05,1
"ASV_3423",2,"ASV_3423",0.000154261473197069,1
"ASV_3438",2,"ASV_3438",0.000139674558279209,1
"ASV_3576",2,"ASV_3576",0.000113397970176334,1
"ASV_3599",2,"ASV_3599",0.000112277550103857,1
"ASV_2578",7,"ASV_2578",0.000554148195060165,1
"ASV_2582",7,"ASV_2582",0.000669664211231225,1
"ASV_2623",7,"ASV_2623",0.000469767129722837,1
"ASV_2722",6,"ASV_2722",0.000332723340542339,1
"ASV_2737",6,"ASV_2737",0.000271788367457873,1
"ASV_2770",6,"ASV_2770",0.000346700566277592,1
"ASV_2862",5,"ASV_2862",0.000221660681828257,1
"ASV_2874",5,"ASV_2874",0.000272494413864516,1
"ASV_2890",5,"ASV_2890",0.000165141856855038,1
"ASV_2931",5,"ASV_2931",0.000312343828085957,1
"ASV_3007",4,"ASV_3007",0.000279349116558419,1
"ASV_3014",4,"ASV_3014",0.000483617458590255,1
"ASV_3081",4,"ASV_3081",0.0002179361447096,1
"ASV_3148",3,"ASV_3148",0.00016986580601325,1
"ASV_3154",3,"ASV_3154",0.000185873605947955,1
"ASV_3194",3,"ASV_3194",0.000194881122515266,1
"ASV_3202",3,"ASV_3202",0.000223081499107674,1
"ASV_3230",3,"ASV_3230",0.0001806249623698,1
"ASV_3239",3,"ASV_3239",0.000100223833227542,1
"ASV_3266",3,"ASV_3266",0.000137842308399191,1
"ASV_3283",3,"ASV_3283",0.000137400384721077,1
"ASV_3320",3,"ASV_3320",0.000160393498716852,1
"ASV_3396",2,"ASV_3396",0.000150364634238027,1
"ASV_3426",2,"ASV_3426",0.000121639703199124,1
"ASV_3504",2,"ASV_3504",0.000115035085701139,1
"ASV_3506",2,"ASV_3506",0.000142277868677527,1
"ASV_3514",2,"ASV_3514",0.000150625094140684,1
"ASV_3558",2,"ASV_3558",8.56091088091773e-05,1
"ASV_3584",2,"ASV_3584",0.00012929919834497,1
"ASV_2618",7,"ASV_2618",0.000477294422473749,1
"ASV_2657",7,"ASV_2657",0.000459438172748753,1
"ASV_2805",6,"ASV_2805",0.000394321766561514,1
"ASV_2833",5,"ASV_2833",0.000283832879200727,1
"ASV_2883",5,"ASV_2883",0.000201093951093951,1
"ASV_2893",5,"ASV_2893",0.00034794711203897,1
"ASV_2933",5,"ASV_2933",0.000295875495591455,1
"ASV_2987",4,"ASV_2987",0.000215285252960172,1
"ASV_3112",4,"ASV_3112",0.000225669957686883,1
"ASV_3163",3,"ASV_3163",0.000282246683601468,1
"ASV_3201",3,"ASV_3201",0.000223081499107674,1
"ASV_3227",3,"ASV_3227",0.000233426704014939,1
"ASV_3413",2,"ASV_3413",0.000141884222474461,1
"ASV_3439",2,"ASV_3439",0.000139674558279209,1
"ASV_3490",2,"ASV_3490",0.000102854204165595,1
"ASV_3497",2,"ASV_3497",0.000104728491386082,1
"ASV_3640",2,"ASV_3640",8.18665575112566e-05,1
"ASV_3653",2,"ASV_3653",0.000114889705882353,1
"ASV_2658",7,"ASV_2658",0.000578703703703704,1
"ASV_2726",6,"ASV_2726",0.000520788126030727,1
"ASV_2784",6,"ASV_2784",0.000237088552574387,1
"ASV_2806",6,"ASV_2806",0.000278383519695634,1
"ASV_2910",5,"ASV_2910",0.00019078872057084,1
"ASV_2930",5,"ASV_2930",0.000149271554812515,1
"ASV_3051",4,"ASV_3051",0.000223276583868267,1
"ASV_3056",4,"ASV_3056",0.000163265306122449,1
"ASV_3290",3,"ASV_3290",0.000223430401429955,1
"ASV_3411",2,"ASV_3411",0.000100457079712693,1
"ASV_3412",2,"ASV_3412",0.000108067217809477,1
"ASV_3422",2,"ASV_3422",0.000136156307440942,1
"ASV_3562",2,"ASV_3562",0.000139178844815588,1
"ASV_3628",2,"ASV_3628",0.000144770177343467,1
"ASV_3644",2,"ASV_3644",0.000105563179562968,1
"ASV_3271",3,"ASV_3271",0.000184854273214616,1
"ASV_2637",7,"ASV_2637",0.000350052507876181,1
"ASV_2742",6,"ASV_2742",0.000319114987767259,1
"ASV_2801",6,"ASV_2801",0.000301659125188537,1
"ASV_3317",3,"ASV_3317",0.000283205890682526,1
"ASV_3580",2,"ASV_3580",9.8169145437589e-05,1
"ASV_3581",2,"ASV_3581",7.72170958650245e-05,1
"ASV_2735",6,"ASV_2735",0.000326868598823273,1
"ASV_2835",5,"ASV_2835",9.88581879294153e-05,2
"ASV_2614",7,"ASV_2614",0.000327026395701939,1
"ASV_2717",6,"ASV_2717",0.00050192404216162,1
"ASV_2758",6,"ASV_2758",0.000276893257649176,1
"ASV_2772",6,"ASV_2772",0.000584339696143358,1
"ASV_2879",5,"ASV_2879",0.000396951413147031,1
"ASV_2880",5,"ASV_2880",0.000233590282644242,1
"ASV_2885",5,"ASV_2885",0.000241510892141236,1
"ASV_2928",5,"ASV_2928",0.000249401436552275,1
"ASV_3031",4,"ASV_3031",0.000209259743656814,1
"ASV_3038",4,"ASV_3038",0.000187670076006381,1
"ASV_3169",3,"ASV_3169",0.000283500283500283,1
"ASV_3241",3,"ASV_3241",0.000201328769881216,1
"ASV_3295",3,"ASV_3295",0.000201491033649003,1
"ASV_3311",3,"ASV_3311",0.000228571428571429,1
"ASV_3373",2,"ASV_3373",6.1986672865334e-05,1
"ASV_3388",2,"ASV_3388",0.000151080223598731,1
"ASV_3400",2,"ASV_3400",0.000141382723031246,1
"ASV_3447",2,"ASV_3447",7.97352788741379e-05,1
"ASV_3467",2,"ASV_3467",0.000121973531743612,1
"ASV_3510",2,"ASV_3510",8.73705823249312e-05,1
"ASV_3516",2,"ASV_3516",0.000123039064903107,1
"ASV_3553",2,"ASV_3553",0.000103551827689759,1
"ASV_3561",2,"ASV_3561",0.000139178844815588,1
"ASV_3567",2,"ASV_3567",0.000157245066436041,1
"ASV_3570",2,"ASV_3570",0.000153633430634506,1
"ASV_3610",2,"ASV_3610",0.000101112234580384,1
"ASV_3612",2,"ASV_3612",7.89920612978396e-05,1
"ASV_3621",2,"ASV_3621",0.000138715494520738,1
"ASV_3643",2,"ASV_3643",0.000121373953149654,1
"ASV_3162",3,"ASV_3162",0.000202115475308226,1
"ASV_2720",6,"ASV_2720",0.000344708721130645,1
"ASV_2600",7,"ASV_2600",0.000399361022364217,1
"ASV_2632",7,"ASV_2632",0.000360156410784112,1
"ASV_2659",7,"ASV_2659",0.000329086549762588,1
"ASV_2766",6,"ASV_2766",0.000261529073315317,1
"ASV_2795",6,"ASV_2795",0.000316689538688905,1
"ASV_2856",5,"ASV_2856",0.000249950009998,1
"ASV_2872",5,"ASV_2872",0.000355694671693818,1
"ASV_2901",5,"ASV_2901",0.000231128368695974,1
"ASV_2905",5,"ASV_2905",0.000280693875259642,1
"ASV_2977",4,"ASV_2977",0.000228076177443266,1
"ASV_3003",4,"ASV_3003",0.000207770621234157,1
"ASV_3025",4,"ASV_3025",0.000290845633679924,1
"ASV_3059",4,"ASV_3059",0.000183368478958467,1
"ASV_3228",3,"ASV_3228",0.000120656370656371,1
"ASV_3265",3,"ASV_3265",0.000170096955264501,1
"ASV_3275",3,"ASV_3275",0.00015921031682853,1
"ASV_3383",2,"ASV_3383",0.0001132438706755,1
"ASV_3408",2,"ASV_3408",0.000161655350792111,1
"ASV_3468",2,"ASV_3468",9.39275818344057e-05,1
"ASV_3552",2,"ASV_3552",0.000113468739362306,1
"ASV_3559",2,"ASV_3559",0.000118532566822735,1
"ASV_3633",2,"ASV_3633",9.979541939025e-05,1
"ASV_3058",4,"ASV_3058",0.000207103655379517,1
"ASV_2579",7,"ASV_2579",0.000471602775719194,1
"ASV_2611",7,"ASV_2611",0.000195842542595753,1
"ASV_2708",6,"ASV_2708",0.000565450947130336,1
"ASV_2746",6,"ASV_2746",0.000392772977219167,2
"ASV_2863",5,"ASV_2863",0.00035226151895167,1
"ASV_3026",4,"ASV_3026",0.000231347599768652,1
"ASV_3114",4,"ASV_3114",0.000226795940352668,1
"ASV_3157",3,"ASV_3157",0.000200481154771451,1
"ASV_3164",3,"ASV_3164",0.000156372165754496,1
"ASV_3198",3,"ASV_3198",0.000172671808449407,1
"ASV_3204",3,"ASV_3204",0.00043827611395179,1
"ASV_3217",3,"ASV_3217",0.000140154169586545,1
"ASV_3258",3,"ASV_3258",0.000158604282315623,1
"ASV_3401",2,"ASV_3401",9.19878576027964e-05,1
"ASV_2803",6,"ASV_2803",0.000338868180277872,1
"ASV_2849",5,"ASV_2849",0.000441345220231265,1
"ASV_2858",5,"ASV_2858",0.000301095989401421,1
"ASV_2935",5,"ASV_2935",0.000146378593594473,1
"ASV_3061",4,"ASV_3061",0.000352920416446091,1
"ASV_3100",4,"ASV_3100",0.000188830666100175,1
"ASV_3277",3,"ASV_3277",0.000179856115107914,1
"ASV_3308",3,"ASV_3308",0.000174947515745276,1
"ASV_3596",2,"ASV_3596",6.6482731110594e-05,1
"ASV_3624",2,"ASV_3624",0.000148953600953303,1
"ASV_3083",4,"ASV_3083",0.000230773668724399,1
"ASV_2844",5,"ASV_2844",0.00047673531655225,1
"ASV_3054",4,"ASV_3054",0.000181126607498642,1
"ASV_2625",7,"ASV_2625",0.000323042133924039,1
"ASV_3034",4,"ASV_3034",0.000190612342149154,1
"ASV_3105",4,"ASV_3105",0.000241794112313365,1
"ASV_3155",3,"ASV_3155",0.000186590371936808,1
"ASV_3330",3,"ASV_3330",0.000240461686437961,1
"ASV_3385",2,"ASV_3385",0.000148687829901123,1
"ASV_3486",2,"ASV_3486",0.000127064803049555,1
"ASV_3568",2,"ASV_3568",0.000131865233731127,1
"ASV_3577",2,"ASV_3577",0.000113397970176334,1
"ASV_2642",7,"ASV_2642",0.000392971425363499,1
"ASV_3085",4,"ASV_3085",0.000202224469160768,1
"ASV_3600",2,"ASV_3600",0.000104405930256839,1
"ASV_2830",5,"ASV_2830",0.000288267512251369,1
"ASV_2751",6,"ASV_2751",0.000291134941045174,1
"ASV_2886",5,"ASV_2886",0.00026160205096008,1
"ASV_3023",4,"ASV_3023",0.000209402156842215,1
"ASV_3168",3,"ASV_3168",0.000198714976485394,1
"ASV_3187",3,"ASV_3187",0.000127762872109365,1
"ASV_3563",2,"ASV_3563",0.000116164256258349,1
"ASV_3593",2,"ASV_3593",0.00010614021121902,1
"ASV_3443",2,"ASV_3443",0.000173596042010242,1
"ASV_3582",2,"ASV_3582",0.000104772382000105,1
"ASV_3180",3,"ASV_3180",0.000249376558603491,1
"ASV_2597",7,"ASV_2597",0.000387018300436778,1
"ASV_1878",6,"ASV_1878",0.000347021399652979,1
"ASV_3272",3,"ASV_3272",0.000138677021217584,1
"ASV_2936",5,"ASV_2936",0.000231986266413028,1
"ASV_3211",3,"ASV_3211",0.000156193054615505,1
"ASV_2925",5,"ASV_2925",0.000366059008712204,1
"ASV_3517",2,"ASV_3517",0.00012306177701206,1
"ASV_3144",3,"ASV_3144",8.82067566375584e-05,1
"ASV_3604",2,"ASV_3604",0.000220580125730672,1
"ASV_3647",2,"ASV_3647",0.000152380952380952,1
"ASV_2769",6,"ASV_2769",0.000231651287595074,1
"ASV_3214",3,"ASV_3214",0.000116936269732996,1
"ASV_2635",7,"ASV_2635",0.000423934108527132,1
"ASV_2705",6,"ASV_2705",0.000304599451720987,1
"ASV_2860",5,"ASV_2860",0.000411725955204216,1
"ASV_2907",5,"ASV_2907",0.000207960737012852,1
"ASV_2924",5,"ASV_2924",0.000369085406363032,1
"ASV_3089",4,"ASV_3089",0.000408538453681953,1
"ASV_3116",4,"ASV_3116",0.000262881177707676,1
"ASV_3278",3,"ASV_3278",0.000179856115107914,1
"ASV_3284",3,"ASV_3284",0.000118488091946759,1
"ASV_3566",2,"ASV_3566",8.29806655049374e-05,1
"ASV_3235",3,"ASV_3235",0.000144906535284741,1
"ASV_3392",2,"ASV_3392",0.000123915737298637,1
"ASV_3557",2,"ASV_3557",9.40556809631302e-05,1
"ASV_3565",2,"ASV_3565",0.00012388503468781,1
"ASV_2653",7,"ASV_2653",0.000410798122065728,1
"ASV_3070",4,"ASV_3070",0.000193986420950533,1
"ASV_2748",6,"ASV_2748",0.000501085685652247,1
"ASV_3028",4,"ASV_3028",0.00033918426185025,1
"ASV_3071",4,"ASV_3071",0.000226795940352668,1
"ASV_3509",2,"ASV_3509",0.00013204806549584,1
"ASV_3602",2,"ASV_3602",0.000131053010942926,1
"ASV_2864",5,"ASV_2864",0.000388228899759298,1
"ASV_2850",5,"ASV_2850",0.00033685912551371,1
"ASV_3280",3,"ASV_3280",0.000156608895385258,1
"ASV_3549",2,"ASV_3549",0.000101543460601137,1
"ASV_3185",3,"ASV_3185",0.000165800817950702,1
"ASV_2617",7,"ASV_2617",0.000551789374113196,1
"ASV_2636",7,"ASV_2636",0.000498895303257074,1
"ASV_2797",6,"ASV_2797",0.000255493101686254,1
"ASV_2866",5,"ASV_2866",0.000283865107301011,1
"ASV_2916",5,"ASV_2916",0.00064985703145308,1
"ASV_2976",4,"ASV_2976",0.000247831474597274,1
"ASV_3231",3,"ASV_3231",0.000101190676965629,1
"ASV_3472",2,"ASV_3472",0.000115280419620727,1
"ASV_2592",7,"ASV_2592",0.000538213132400431,1
"ASV_2622",7,"ASV_2622",0.000418860698898995,1
"ASV_2633",7,"ASV_2633",0.000458115183246073,1
"ASV_2756",6,"ASV_2756",0.000424959274736171,1
"ASV_2838",5,"ASV_2838",0.000301277416244878,1
"ASV_2867",5,"ASV_2867",0.000219558248803408,1
"ASV_3027",4,"ASV_3027",0.00033918426185025,1
"ASV_3111",4,"ASV_3111",0.000254517688979384,1
"ASV_3189",3,"ASV_3189",0.000261529073315317,1
"ASV_3299",3,"ASV_3299",0.000201491033649003,1
"ASV_3307",3,"ASV_3307",0.00017940437746681,1
"ASV_3481",2,"ASV_3481",0.00010660412557966,1
"ASV_2739",6,"ASV_2739",0.000374041518608566,1
"ASV_2895",5,"ASV_2895",0.000207451663762343,1
"ASV_3032",4,"ASV_3032",0.000232018561484919,1
"ASV_3088",4,"ASV_3088",0.000157984122595679,1
"ASV_3106",4,"ASV_3106",0.000471087033329408,1
"ASV_3107",4,"ASV_3107",0.000377607854243368,1
"ASV_3145",3,"ASV_3145",0.000133838947133616,1
"ASV_3234",3,"ASV_3234",0.000152037299817555,1
"ASV_3246",3,"ASV_3246",0.000194957109435924,1
"ASV_3384",2,"ASV_3384",0.000148687829901123,1
"ASV_3446",2,"ASV_3446",8.93774858113241e-05,1
"ASV_3488",2,"ASV_3488",0.00012929919834497,1
"ASV_3494",2,"ASV_3494",0.000121477162293489,1
"ASV_3526",2,"ASV_3526",0.000119674485399713,1
"ASV_3574",2,"ASV_3574",0.000113636363636364,1
"ASV_3622",2,"ASV_3622",0.000107979699816435,1
"ASV_3625",2,"ASV_3625",9.83767830791933e-05,1
"ASV_3631",2,"ASV_3631",7.07188571832679e-05,1
"ASV_3637",2,"ASV_3637",0.000119602918311207,1
"ASV_2740",6,"ASV_2740",0.000436268450519887,1
"ASV_2607",7,"ASV_2607",0.000413271932931869,1
"ASV_2702",6,"ASV_2702",0.000327564557514877,1
"ASV_2899",5,"ASV_2899",0.000300210147102972,1
"ASV_2920",5,"ASV_2920",0.000277916736145851,1
"ASV_3377",2,"ASV_3377",0.000144123369604381,1
"ASV_3226",3,"ASV_3226",0.000175325813803986,1
"ASV_3091",4,"ASV_3091",0.000158059035049591,1
"ASV_2664",7,"ASV_2664",0.00047074646940148,1
"ASV_2852",5,"ASV_2852",0.000270168044523694,1
"ASV_2934",5,"ASV_2934",0.000295875495591455,1
"ASV_2981",4,"ASV_2981",0.000232045480914259,1
"ASV_3099",4,"ASV_3099",0.000268654711532004,1
"ASV_3221",3,"ASV_3221",0.000154631204577084,1
"ASV_2744",6,"ASV_2744",0.000210666760296338,1
"ASV_2786",6,"ASV_2786",0.000336436021083324,1
"ASV_3035",4,"ASV_3035",0.000254129606099111,1
"ASV_3238",3,"ASV_3238",0.000217627856365615,1
"ASV_3386",2,"ASV_3386",0.000151080223598731,1
"ASV_3571",2,"ASV_3571",0.000191241155096577,1
"ASV_3220",3,"ASV_3220",0.00014844871097036,1
"ASV_2865",5,"ASV_2865",0.000285257873117298,1
"ASV_2573",7,"ASV_2573",0.000433705080545229,1
"ASV_2627",7,"ASV_2627",0.000392949365667453,1
"ASV_2709",6,"ASV_2709",0.000307282597562225,1
"ASV_2757",6,"ASV_2757",0.000460052139242447,1
"ASV_2842",5,"ASV_2842",0.000382000152800061,1
"ASV_2873",5,"ASV_2873",0.000303988326848249,1
"ASV_2984",4,"ASV_2984",0.000324122842557329,1
"ASV_3015",4,"ASV_3015",0.000554554276999861,1
"ASV_3037",4,"ASV_3037",0.00011191002434043,1
"ASV_3102",4,"ASV_3102",0.000222185191356996,1
"ASV_3315",3,"ASV_3315",0.00016926201760325,1
"ASV_3322",3,"ASV_3322",0.000164068908941756,1
"ASV_3393",2,"ASV_3393",0.000135226504394861,1
"ASV_3473",2,"ASV_3473",0.000143174171379483,1
"ASV_3495",2,"ASV_3495",0.000121477162293489,1
"ASV_3518",2,"ASV_3518",0.00012306177701206,1
"ASV_3520",2,"ASV_3520",0.0001363698349925,1
"ASV_3646",2,"ASV_3646",0.000147525263701409,1
"ASV_3648",2,"ASV_3648",0.000142949038667715,1
"ASV_1821",6,"ASV_1821",0.000527287107830214,1
"ASV_2588",7,"ASV_2588",0.000363598587159776,1
"ASV_2620",7,"ASV_2620",0.000526355365065042,1
"ASV_2790",6,"ASV_2790",0.000546996079861428,1
"ASV_2792",6,"ASV_2792",8.1547222637509e-05,1
"ASV_3209",3,"ASV_3209",0.000214761257069225,1
"ASV_3457",2,"ASV_3457",8.33750208437552e-05,1
"ASV_3564",2,"ASV_3564",0.000116164256258349,1
"ASV_3440",2,"ASV_3440",0.000139674558279209,1
"ASV_2802",6,"ASV_2802",0.000343092406221409,1
"ASV_2974",4,"ASV_2974",0.000230056939092425,1
"ASV_3170",3,"ASV_3170",0.00018459266551809,1
"ASV_3535",2,"ASV_3535",8.65576040855189e-05,1
"ASV_2591",7,"ASV_2591",0.00058187863674148,1
"ASV_2932",5,"ASV_2932",0.00028239015023156,1
"ASV_2587",7,"ASV_2587",0.000388177230632729,1
"ASV_2598",7,"ASV_2598",0.000336878579334905,1
"ASV_2650",7,"ASV_2650",0.000130164751385325,1
"ASV_2877",5,"ASV_2877",0.000290023201856148,1
"ASV_3013",4,"ASV_3013",0.000227092085840808,1
"ASV_3064",4,"ASV_3064",0.000236770451047709,1
"ASV_3261",3,"ASV_3261",0.0001915097350782,1
"ASV_3394",2,"ASV_3394",9.20852709609098e-05,1
"ASV_3579",2,"ASV_3579",8.83470271225373e-05,1
"ASV_3634",2,"ASV_3634",0.000134327355766002,1
"ASV_3654",2,"ASV_3654",0.000146028037383178,1
"ASV_2646",7,"ASV_2646",0.000662878787878788,1
"ASV_2719",6,"ASV_2719",0.000301780504979378,1
"ASV_2780",6,"ASV_2780",0.000329218106995885,1
"ASV_2781",6,"ASV_2781",0.000314828418511911,1
"ASV_3090",4,"ASV_3090",0.000257317465422966,1
"ASV_3178",3,"ASV_3178",0.000180657593640853,1
"ASV_3256",3,"ASV_3256",0.000230450145951759,1
"ASV_3257",3,"ASV_3257",0.000230450145951759,1
"ASV_3268",3,"ASV_3268",0.000141482739105829,1
"ASV_3296",3,"ASV_3296",0.000201491033649003,1
"ASV_3431",2,"ASV_3431",0.00011090778018078,1
"ASV_3541",2,"ASV_3541",0.000122182173620869,1
"ASV_2590",7,"ASV_2590",0.000503235082674335,1
"ASV_2615",7,"ASV_2615",0.000497972540371345,1
"ASV_2713",6,"ASV_2713",0.000350713116670563,1
"ASV_2728",6,"ASV_2728",0.00025552574421873,1
"ASV_2743",6,"ASV_2743",0.000319114987767259,1
"ASV_2997",4,"ASV_2997",4.75590326492759e-05,1
"ASV_3018",4,"ASV_3018",0.000259841496687021,1
"ASV_3022",4,"ASV_3022",0.000269559943392412,1
"ASV_3183",3,"ASV_3183",0.000153209744139727,1
"ASV_3254",3,"ASV_3254",0.000124470998257406,1
"ASV_3314",3,"ASV_3314",0.000181345584235024,1
"ASV_3323",3,"ASV_3323",0.000170096955264501,1
"ASV_3374",2,"ASV_3374",8.48104486472733e-05,1
"ASV_3436",2,"ASV_3436",0.000153775180685837,1
"ASV_3477",2,"ASV_3477",7.40685875120361e-05,1
"ASV_3489",2,"ASV_3489",0.000106371662589086,1
"ASV_3502",2,"ASV_3502",9.89658073135732e-05,1
"ASV_3515",2,"ASV_3515",0.000150625094140684,1
"ASV_3615",2,"ASV_3615",0.000109787561069331,1
"ASV_3546",2,"ASV_3546",0.000166680556713059,1
"ASV_2839",5,"ASV_2839",0.000375911585595068,1
"ASV_3072",4,"ASV_3072",0.000189924505009259,1
"ASV_3215",3,"ASV_3215",0.000203721309248947,1
"ASV_3498",2,"ASV_3498",0.000150262960180316,1
"ASV_2616",7,"ASV_2616",0.000805430905534461,1
"ASV_2989",4,"ASV_2989",0.000269487300410968,1
"ASV_3146",3,"ASV_3146",0.000172542704319319,1
"ASV_3166",3,"ASV_3166",0.000209981101700847,1
"ASV_3522",2,"ASV_3522",0.00012190661952944,1
"ASV_3560",2,"ASV_3560",0.000194269062651773,1
"ASV_2584",7,"ASV_2584",0.000220646178092987,1
"ASV_2847",5,"ASV_2847",0.000269106566200215,1
"ASV_2973",4,"ASV_2973",0.000241239973463603,1
"ASV_3012",4,"ASV_3012",0.000348705431087089,1
"ASV_3052",4,"ASV_3052",0.000184595505099451,1
"ASV_3159",3,"ASV_3159",0.000198688654877806,1
"ASV_3301",3,"ASV_3301",0.000121001895696366,1
"ASV_3449",2,"ASV_3449",0.000113546042920404,1
"ASV_3619",2,"ASV_3619",0.0001434617315831,1
"ASV_2602",7,"ASV_2602",0.000307557117750439,1
"ASV_2612",7,"ASV_2612",0.000372300819061802,1
"ASV_2629",7,"ASV_2629",0.000390254780621063,1
"ASV_2630",7,"ASV_2630",0.000484027105517909,1
"ASV_2711",6,"ASV_2711",0.000324201653428432,1
"ASV_2716",6,"ASV_2716",0.000291800408520572,1
"ASV_2760",6,"ASV_2760",0.000368188512518409,1
"ASV_2828",5,"ASV_2828",0.00023314370978271,1
"ASV_2870",5,"ASV_2870",0.000351049638418872,1
"ASV_2888",5,"ASV_2888",0.000290376909228178,1
"ASV_2921",5,"ASV_2921",0.000305064063453325,1
"ASV_3010",4,"ASV_3010",0.000252175009456563,1
"ASV_3043",4,"ASV_3043",0.000334057123768164,1
"ASV_3050",4,"ASV_3050",0.000224883341766459,1
"ASV_3074",4,"ASV_3074",0.000299110147311748,1
"ASV_3176",3,"ASV_3176",0.000217754228061262,1
"ASV_3177",3,"ASV_3177",0.000155827965925618,1
"ASV_3190",3,"ASV_3190",0.000170319064380606,1
"ASV_3192",3,"ASV_3192",0.000125062531265633,1
"ASV_3212",3,"ASV_3212",0.000269396551724138,1
"ASV_3249",3,"ASV_3249",0.000230911330049261,1
"ASV_3318",3,"ASV_3318",0.000149640861931365,1
"ASV_3331",3,"ASV_3331",0.000139191759847817,1
"ASV_3395",2,"ASV_3395",8.0768920119538e-05,1
"ASV_3406",2,"ASV_3406",0.000107642626480086,1
"ASV_3410",2,"ASV_3410",0.000107991360691145,1
"ASV_3420",2,"ASV_3420",0.000125054711436253,1
"ASV_3441",2,"ASV_3441",0.000166140554909453,1
"ASV_3445",2,"ASV_3445",0.000161890885543144,1
"ASV_3465",2,"ASV_3465",9.40556809631302e-05,1
"ASV_3524",2,"ASV_3524",0.000150387247161441,1
"ASV_3590",2,"ASV_3590",9.24513474783895e-05,1
"ASV_3618",2,"ASV_3618",0.000136323359007566,1
"ASV_3603",2,"ASV_3603",0.000189393939393939,1
"ASV_2441",4,"ASV_2441",0.000204855065041483,1
"ASV_3409",2,"ASV_3409",0.000134743650205484,1
"ASV_2663",7,"ASV_2663",0.00047074646940148,1
"ASV_3402",2,"ASV_3402",0.000146939975020204,1
"ASV_3008",4,"ASV_3008",0.00035498757543486,1
"ASV_3193",3,"ASV_3193",0.000189525554362247,1
"ASV_2083",7,"ASV_2083",0.000281531531531532,1
"ASV_2621",7,"ASV_2621",0.000540958268933539,1
"ASV_2732",6,"ASV_2732",0.000340638128761213,1
"ASV_2908",5,"ASV_2908",0.000551450314326679,1
"ASV_2938",5,"ASV_2938",0.000274468902673327,1
"ASV_3152",3,"ASV_3152",0.000152299725860493,1
"ASV_3286",3,"ASV_3286",0.00021519259737465,1
"ASV_3232",3,"ASV_3232",0.000155480694480435,1
"ASV_2665",7,"ASV_2665",0.000414225693828037,1
"ASV_2834",5,"ASV_2834",0.000147011261062597,1
"ASV_2894",5,"ASV_2894",0.000247145469823538,1
"ASV_2912",5,"ASV_2912",0.000252474247626742,1
"ASV_2913",5,"ASV_2913",9.29748224180892e-05,1
"ASV_2986",4,"ASV_2986",0.000165391771759355,1
"ASV_3171",3,"ASV_3171",0.000150890252489689,1
"ASV_3172",3,"ASV_3172",0.000168747890651367,1
"ASV_3182",3,"ASV_3182",0.000153209744139727,1
"ASV_3305",3,"ASV_3305",0.000108809981502303,1
"ASV_3399",2,"ASV_3399",0.000145243282498184,1
"ASV_3454",2,"ASV_3454",0.000111129632716564,1
"ASV_3460",2,"ASV_3460",8.78734622144113e-05,1
"ASV_3543",2,"ASV_3543",8.16326530612245e-05,1
"ASV_3200",3,"ASV_3200",0.000223081499107674,1
"ASV_3462",2,"ASV_3462",0.000115114538966271,1
"ASV_3450",2,"ASV_3450",0.000120496445354862,1
"ASV_3655",2,"ASV_3655",9.09421607857403e-05,1
"ASV_2647",7,"ASV_2647",0.000772030440057351,1
"ASV_3039",4,"ASV_3039",0.000535833891493637,1
"ASV_3617",2,"ASV_3617",8.12347684809098e-05,1
"ASV_2999",4,"ASV_2999",0.000155793573515093,1
"ASV_3062",4,"ASV_3062",0.000165961331009875,1
"ASV_2666",7,"ASV_2666",0.000297720313031643,1
"ASV_2738",6,"ASV_2738",0.00036911719470932,1
"ASV_2832",5,"ASV_2832",0.000304952427421322,1
"ASV_2980",4,"ASV_2980",0.0002353771919501,1
"ASV_3002",4,"ASV_3002",0.000196947316592811,1
"ASV_3143",3,"ASV_3143",0.00012721567297091,1
"ASV_3167",3,"ASV_3167",0.000124755686780056,1
"ASV_3208",3,"ASV_3208",0.000214761257069225,1
"ASV_3418",2,"ASV_3418",0.000105730598435187,1
"ASV_2884",5,"ASV_2884",0.00030765444253015,1
"ASV_3110",4,"ASV_3110",0.000292056074766355,1
"ASV_3240",3,"ASV_3240",0.000189322226429383,1
"ASV_3313",3,"ASV_3313",0.000230149597238205,1
"ASV_2733",6,"ASV_2733",0.000334952269301625,1
"ASV_3376",2,"ASV_3376",0.000160462130937099,1
"ASV_2595",7,"ASV_2595",0.00031032495455956,1
"ASV_2574",7,"ASV_2574",0.000378542072247458,1
"ASV_2639",7,"ASV_2639",0.000366703337000367,1
"ASV_3158",3,"ASV_3158",0.000174034110685694,1
"ASV_3288",3,"ASV_3288",0.000135385170810957,1
"ASV_3482",2,"ASV_3482",0.00010660412557966,1
"ASV_3075",4,"ASV_3075",0.000142597411856975,1
"ASV_3224",3,"ASV_3224",0.000169635284139101,1
"ASV_3629",2,"ASV_3629",0.000131268049356787,1
"ASV_2599",7,"ASV_2599",0.000382785585388527,1
"ASV_2775",6,"ASV_2775",0.000199448193331782,1
"ASV_3537",2,"ASV_3537",8.65576040855189e-05,1
"ASV_3607",2,"ASV_3607",9.14829384319824e-05,1
"ASV_3437",2,"ASV_3437",0.000164690382081686,1
"ASV_2576",7,"ASV_2576",0.000463606861381548,1
"ASV_2652",7,"ASV_2652",0.000485807481435214,1
"ASV_2660",7,"ASV_2660",0.000336684142176903,1
"ASV_2661",7,"ASV_2661",0.000463637567889787,1
"ASV_2706",6,"ASV_2706",0.000314894510339036,1
"ASV_2723",6,"ASV_2723",0.000347705146036161,1
"ASV_2791",6,"ASV_2791",0.000242003791392732,1
"ASV_2804",6,"ASV_2804",0.000480923372875922,1
"ASV_2841",5,"ASV_2841",0.000331147758129677,1
"ASV_2857",5,"ASV_2857",0.000322705563443914,1
"ASV_2909",5,"ASV_2909",0.000228707346079956,1
"ASV_2923",5,"ASV_2923",0.000368813159253522,1
"ASV_2992",4,"ASV_2992",0.000376328911468624,1
"ASV_2993",4,"ASV_2993",0.000268979893752942,1
"ASV_3101",4,"ASV_3101",0.000186697782963827,1
"ASV_3108",4,"ASV_3108",0.00019952114924182,1
"ASV_3174",3,"ASV_3174",0.000183958793230316,1
"ASV_3233",3,"ASV_3233",0.000174560688932852,1
"ASV_3248",3,"ASV_3248",0.000230858022316276,1
"ASV_3259",3,"ASV_3259",0.000158604282315623,1
"ASV_3263",3,"ASV_3263",0.000135495235084233,1
"ASV_3606",2,"ASV_3606",0.000125117297466375,1
"ASV_2796",6,"ASV_2796",0.000316138890352495,1
"ASV_2799",6,"ASV_2799",0.000344669117647059,1
"ASV_2875",5,"ASV_2875",8.15847012368241e-05,1
"ASV_2906",5,"ASV_2906",0.000393824826717076,1
"ASV_2917",5,"ASV_2917",0.00045583006655119,1
"ASV_3067",4,"ASV_3067",0.000205803663305207,1
"ASV_3197",3,"ASV_3197",0.000214346956273221,1
"ASV_3267",3,"ASV_3267",0.000150022503375506,1
"ASV_3302",3,"ASV_3302",0.000229410415232852,1
"ASV_3325",3,"ASV_3325",0.000201748486886348,1
"ASV_3382",2,"ASV_3382",0.000150364634238027,1
"ASV_3505",2,"ASV_3505",0.000150330727600722,1
"ASV_3525",2,"ASV_3525",0.000119674485399713,1
"ASV_3572",2,"ASV_3572",0.000102901831652603,1
"ASV_2725",6,"ASV_2725",0.00020730759264058,2
"ASV_3068",4,"ASV_3068",0.0002553463134376,1
"ASV_3188",3,"ASV_3188",0.000119602918311207,1
"ASV_3387",2,"ASV_3387",0.000151080223598731,1
"ASV_3415",2,"ASV_3415",0.000167588402882521,1
"ASV_3435",2,"ASV_3435",0.000207189474774681,1
"ASV_3451",2,"ASV_3451",0.000111650756433875,1
"ASV_3479",2,"ASV_3479",7.07113562438128e-05,1
"ASV_3496",2,"ASV_3496",0.000129853265809635,1
"ASV_3512",2,"ASV_3512",0.000113090189426067,1
"ASV_3538",2,"ASV_3538",0.000150432493418578,1
"ASV_3542",2,"ASV_3542",0.000122182173620869,1
"ASV_3608",2,"ASV_3608",9.14829384319824e-05,1
"ASV_3614",2,"ASV_3614",0.000204269226840976,1
"ASV_3642",2,"ASV_3642",0.000117612466921494,1
"ASV_3645",2,"ASV_3645",0.000126462219411951,1
"ASV_2233",7,"ASV_2233",0.000426348326582818,2
"ASV_2596",7,"ASV_2596",0.00031032495455956,1
"ASV_2750",6,"ASV_2750",0.000299520766773163,1
"ASV_2898",5,"ASV_2898",0.000242483026188167,1
"ASV_2979",4,"ASV_2979",0.000241021932995903,1
"ASV_3016",4,"ASV_3016",0.000221840164161721,1
"ASV_3065",4,"ASV_3065",0.000198580151913816,1
"ASV_3097",4,"ASV_3097",0.000286348342758966,1
"ASV_3184",3,"ASV_3184",0.000232937339855579,1
"ASV_2604",7,"ASV_2604",0.000500142897970849,1
"ASV_2753",6,"ASV_2753",0.000286464550011936,1
"ASV_2762",6,"ASV_2762",0.000500041670139178,1
"ASV_2889",5,"ASV_2889",0.000375347196156445,1
"ASV_2897",5,"ASV_2897",0.000217940894429431,1
"ASV_2926",5,"ASV_2926",0.000366059008712204,1
"ASV_3017",4,"ASV_3017",0.000259841496687021,1
"ASV_3049",4,"ASV_3049",0.000290170475154153,1
"ASV_3087",4,"ASV_3087",0.000183200512961436,1
"ASV_3196",3,"ASV_3196",0.000223646936036976,1
"ASV_3251",3,"ASV_3251",0.000174246384387524,1
"ASV_3303",3,"ASV_3303",4.07736113187545e-05,1
"ASV_3430",2,"ASV_3430",0.000111513799832729,1
"ASV_3461",2,"ASV_3461",8.7823299521363e-05,1
"ASV_3623",2,"ASV_3623",9.02567805406381e-05,1
"ASV_3658",2,"ASV_3658",0.000114364135407136,1
"ASV_2570",7,"ASV_2570",0.000296836570265457,1
"ASV_2580",7,"ASV_2580",0.000658575595070091,1
"ASV_2610",7,"ASV_2610",0.000195842542595753,1
"ASV_2655",7,"ASV_2655",0.000312472100705294,1
"ASV_2721",6,"ASV_2721",0.000367917586460633,1
"ASV_2729",6,"ASV_2729",0.000378572780617074,1
"ASV_2749",6,"ASV_2749",0.000309262409154167,1
"ASV_2776",6,"ASV_2776",0.000393159032828779,1
"ASV_2868",5,"ASV_2868",0.000235139202407825,1
"ASV_2914",5,"ASV_2914",0.000372384002383258,1
"ASV_2927",5,"ASV_2927",0.000326562602050813,1
"ASV_2975",4,"ASV_2975",0.000181340103363859,1
"ASV_3033",4,"ASV_3033",0.000205941409668949,1
"ASV_3104",4,"ASV_3104",0.000246974561620153,1
"ASV_3113",4,"ASV_3113",0.000119417243850012,1
"ASV_3150",3,"ASV_3150",0.000112116002690784,1
"ASV_3153",3,"ASV_3153",0.000143061516452074,1
"ASV_3179",3,"ASV_3179",0.00030309153364316,1
"ASV_3242",3,"ASV_3242",0.000129836406128278,1
"ASV_3326",3,"ASV_3326",0.000187406296851574,1
"ASV_3378",2,"ASV_3378",0.000137117784176608,1
"ASV_3404",2,"ASV_3404",8.26958858796775e-05,1
"ASV_3453",2,"ASV_3453",0.00010216069877918,1
"ASV_3591",2,"ASV_3591",0.000130191381330556,1
"ASV_3660",2,"ASV_3660",5.9708621925006e-05,1
"ASV_2794",6,"ASV_2794",0.000316689538688905,1
"ASV_2871",5,"ASV_2871",0.000355694671693818,1
"ASV_3118",4,"ASV_3118",0.000219575122138662,1
"ASV_3635",2,"ASV_3635",0.000153362472203052,1
"ASV_3076",4,"ASV_3076",0.000142597411856975,1
"ASV_3294",3,"ASV_3294",0.000149693129085375,1
"ASV_2712",6,"ASV_2712",0.000304924531178533,1
"ASV_2846",5,"ASV_2846",0.000206739714699194,1
"ASV_3103",4,"ASV_3103",0.000211126359125937,1
"ASV_3466",2,"ASV_3466",9.40556809631302e-05,1
"ASV_3534",2,"ASV_3534",9.22977525497254e-05,1
"ASV_3544",2,"ASV_3544",0.000107365256602963,1
"ASV_3598",2,"ASV_3598",0.000119904076738609,1
"ASV_2624",7,"ASV_2624",0.000536727495782855,1
"ASV_2793",6,"ASV_2793",0.000314745842731994,1
"ASV_3019",4,"ASV_3019",0.000305203723485427,1
"ASV_3094",4,"ASV_3094",0.000214638334406525,1
"ASV_3539",2,"ASV_3539",9.05633037493208e-05,1
"ASV_3578",2,"ASV_3578",0.000139014387989157,1
"ASV_2853",5,"ASV_2853",0.000321771027736663,1
"ASV_3011",4,"ASV_3011",0.00017035049614582,1
"ASV_3175",3,"ASV_3175",0.000152330659083985,1
"ASV_3207",3,"ASV_3207",0.000214761257069225,1
"ASV_2745",6,"ASV_2745",0.000389559797428905,1
"ASV_2998",4,"ASV_2998",0.000284920578388774,1
"ASV_3243",3,"ASV_3243",0.000161047884904445,1
"ASV_3252",3,"ASV_3252",0.000185827552031715,1
"ASV_3547",2,"ASV_3547",0.000145011600928074,1
"ASV_2577",7,"ASV_2577",0.000443768226195004,1
"ASV_2631",7,"ASV_2631",0.000484027105517909,1
"ASV_2831",5,"ASV_2831",0.000212026121618183,1
"ASV_2937",5,"ASV_2937",0.000369740442209569,1
"ASV_3096",4,"ASV_3096",0.000289540354686934,1
"ASV_3638",2,"ASV_3638",8.72981230903536e-05,1
"ASV_3327",3,"ASV_3327",0.000187406296851574,1
"ASV_2787",6,"ASV_2787",0.000336436021083324,1
"ASV_2887",5,"ASV_2887",0.000354132728946809,1
"ASV_3042",4,"ASV_3042",0.000300525920360631,1
"ASV_3432",2,"ASV_3432",0.000120438395760568,1
"ASV_2765",6,"ASV_2765",0.0003830194701564,1
"ASV_2648",7,"ASV_2648",0.000353892821031345,1
"ASV_2767",6,"ASV_2767",0.0002909796314258,1
"ASV_568",3,"ASV_568",0.00016926201760325,1
"ASV_2891",5,"ASV_2891",0.000204248366013072,1
"ASV_342",5,"ASV_342",0.000236820916023303,1
"ASV_355",5,"ASV_355",0.000236820916023303,1
"ASV_3287",3,"ASV_3287",0.000161969549724652,1
"ASV_3316",3,"ASV_3316",0.000288906009244992,1
"ASV_265",5,"ASV_265",0.000295194237808478,1
"ASV_3587",2,"ASV_3587",0.000101066248926171,1
"ASV_3444",2,"ASV_3444",0.000102139829426485,1
"ASV_811",4,"ASV_811",0.000223888951080264,1
"ASV_3484",2,"ASV_3484",0.000104335124419636,1
"ASV_2902",5,"ASV_2902",0.000231128368695974,1
"ASV_3030",4,"ASV_3030",0.00030750307503075,1
"ASV_3381",2,"ASV_3381",0.000150364634238027,1
"ASV_3225",3,"ASV_3225",0.000169635284139101,1
"ASV_2929",5,"ASV_2929",0.000285910338517841,1
"ASV_3586",2,"ASV_3586",0.000101066248926171,1
"ASV_3250",3,"ASV_3250",0.000142673705236125,1
"ASV_3442",2,"ASV_3442",0.000142816338189089,1
"ASV_3476",2,"ASV_3476",0.000115673799884326,1
"ASV_3084",4,"ASV_3084",0.000202224469160768,1
"ASV_2903",5,"ASV_2903",0.000231128368695974,1
"ASV_3109",4,"ASV_3109",0.000261198902964608,1
"ASV_3205",3,"ASV_3205",0.000213416803016291,1
"ASV_3086",4,"ASV_3086",0.000200451014783262,1
"ASV_2971",4,"ASV_2971",0.000234755560772346,1
"ASV_2837",5,"ASV_2837",0.000233513917429479,1
"ASV_3045",4,"ASV_3045",0.000272739669984999,1
"ASV_3427",2,"ASV_3427",9.99800039992002e-05,1
"ASV_2892",5,"ASV_2892",0.00034794711203897,1
"ASV_2651",7,"ASV_2651",0.000485807481435214,1
"ASV_2747",6,"ASV_2747",0.000345105257103417,1
"ASV_2855",5,"ASV_2855",0.000309712586719524,1
"ASV_2876",5,"ASV_2876",0.000358911779484603,1
"ASV_3044",4,"ASV_3044",0.00024612355402412,1
"ASV_3080",4,"ASV_3080",0.000424403183023873,1
"ASV_3199",3,"ASV_3199",0.000151499848500151,1
"ASV_3380",2,"ASV_3380",0.000116720163408229,1
"ASV_3493",2,"ASV_3493",0.000167294019238812,1
"ASV_3573",2,"ASV_3573",0.000157282164202579,1
"ASV_3627",2,"ASV_3627",0.000259942812581232,1
"ASV_3649",2,"ASV_3649",0.000235543516664704,1
"ASV_3662",2,"ASV_3662",8.89679715302491e-05,1
"ASV_2594",7,"ASV_2594",0.000607586147035848,1
"ASV_2619",7,"ASV_2619",0.000426673168353042,1
"ASV_2634",7,"ASV_2634",0.000339476236663434,1
"ASV_2662",7,"ASV_2662",0.000511098130841121,1
"ASV_2764",6,"ASV_2764",0.00039559570119338,1
"ASV_2854",5,"ASV_2854",0.000264326496087968,1
"ASV_2978",4,"ASV_2978",0.000200722601364914,1
"ASV_3029",4,"ASV_3029",0.000287129423587682,1
"ASV_3115",4,"ASV_3115",0.000226795940352668,1
"ASV_3173",3,"ASV_3173",0.000168747890651367,1
"ASV_3206",3,"ASV_3206",0.000422059651097355,1
"ASV_3247",3,"ASV_3247",0.000170203109043459,1
"ASV_3319",3,"ASV_3319",0.000132036442058008,1
"ASV_3421",2,"ASV_3421",8.95255147717099e-05,1
"ASV_3456",2,"ASV_3456",0.000122249388753056,1
"ASV_3458",2,"ASV_3458",0.000126350369574831,1
"ASV_3469",2,"ASV_3469",0.000146295077170653,1
"ASV_3471",2,"ASV_3471",0.000142277868677527,1
"ASV_3480",2,"ASV_3480",0.000169592130925125,1
"ASV_3491",2,"ASV_3491",9.9147332936744e-05,1
"ASV_3513",2,"ASV_3513",0.000220191566662997,1
"ASV_3530",2,"ASV_3530",0.000191149765841537,1
"ASV_3551",2,"ASV_3551",0.000150138878462578,1
"ASV_3595",2,"ASV_3595",0.000108277840939852,1
"ASV_3650",2,"ASV_3650",0.000235543516664704,1
"ASV_3652",2,"ASV_3652",8.15427895788315e-05,1
"ASV_3657",2,"ASV_3657",0.000127258844489692,1
"ASV_2645",7,"ASV_2645",0.000365420755898935,1
"ASV_3585",2,"ASV_3585",0.00012929919834497,1
"ASV_2601",7,"ASV_2601",0.000446799004276505,1
"ASV_2761",6,"ASV_2761",0.000282845424975251,1
"ASV_2848",5,"ASV_2848",0.000332093517534538,1
"ASV_3229",3,"ASV_3229",0.000168180289270098,1
"ASV_3285",3,"ASV_3285",0.000149895073448586,1
"ASV_3389",2,"ASV_3389",0.000101533150573662,1
"ASV_3405",2,"ASV_3405",8.26958858796775e-05,1
"ASV_3416",2,"ASV_3416",8.8519075860848e-05,1
"ASV_3424",2,"ASV_3424",0.000154261473197069,1
"ASV_3425",2,"ASV_3425",0.000189000189000189,1
"ASV_3636",2,"ASV_3636",0.000119602918311207,1
"ASV_2752",6,"ASV_2752",0.000310961388960871,1
"ASV_3147",3,"ASV_3147",0.000225546951357041,1
"ASV_3478",2,"ASV_3478",7.40685875120361e-05,1
"ASV_2644",7,"ASV_2644",0.000365420755898935,1
"ASV_3040",4,"ASV_3040",0.000209456982772163,1
"ASV_3503",2,"ASV_3503",0.000118532566822735,1
"ASV_3048",4,"ASV_3048",0.000133080480420534,1
"ASV_2990",4,"ASV_2990",0.000269487300410968,1
"ASV_3589",2,"ASV_3589",9.24513474783895e-05,1
"ASV_3289",3,"ASV_3289",0.000287686996547756,1
"ASV_3079",4,"ASV_3079",0.000166368589610282,1
"ASV_3398",2,"ASV_3398",0.000104964836779679,1
"ASV_3554",2,"ASV_3554",0.00015390534821085,1
"ASV_2734",6,"ASV_2734",0.000488400488400488,1
"ASV_2918",5,"ASV_2918",0.00020166982616061,1
"ASV_3507",2,"ASV_3507",0.00013204806549584,1
"ASV_2575",7,"ASV_2575",0.000424345295829292,1
"ASV_2593",7,"ASV_2593",0.000621228257011005,1
"ASV_2628",7,"ASV_2628",0.000285947712418301,1
"ASV_2649",7,"ASV_2649",0.000320600897682513,1
"ASV_2724",6,"ASV_2724",0.000428449014567267,1
"ASV_2771",6,"ASV_2771",0.00034332799267567,1
"ASV_2829",5,"ASV_2829",0.000288267512251369,1
"ASV_2843",5,"ASV_2843",0.000325520833333333,1
"ASV_2878",5,"ASV_2878",0.000323247995862426,1
"ASV_2904",5,"ASV_2904",0.000252985225662821,1
"ASV_2915",5,"ASV_2915",0.000308641975308642,1
"ASV_2991",4,"ASV_2991",0.00025741682218933,1
"ASV_3005",4,"ASV_3005",0.000210526315789474,1
"ASV_3036",4,"ASV_3036",0.000254129606099111,1
"ASV_3057",4,"ASV_3057",0.000261917234154007,1
"ASV_3063",4,"ASV_3063",0.000314490132872081,1
"ASV_3151",3,"ASV_3151",0.000152299725860493,1
"ASV_3160",3,"ASV_3160",0.000141576215195847,1
"ASV_3161",3,"ASV_3161",0.000153641298781112,1
"ASV_3186",3,"ASV_3186",0.000127762872109365,1
"ASV_3213",3,"ASV_3213",0.000144009216589862,1
"ASV_3219",3,"ASV_3219",0.000165435094298004,1
"ASV_3222",3,"ASV_3222",0.000154631204577084,1
"ASV_3244",3,"ASV_3244",0.000239177230327673,1
"ASV_3264",3,"ASV_3264",0.000170454545454545,1
"ASV_3276",3,"ASV_3276",0.000179856115107914,1
"ASV_3291",3,"ASV_3291",0.000195160031225605,1
"ASV_3312",3,"ASV_3312",0.000127746550843127,1
"ASV_3372",2,"ASV_3372",0.000109188185838292,1
"ASV_3375",2,"ASV_3375",0.000121980970968529,1
"ASV_3419",2,"ASV_3419",0.000105730598435187,1
"ASV_3428",2,"ASV_3428",0.000100593501659793,1
"ASV_3483",2,"ASV_3483",9.60061443932412e-05,1
"ASV_3492",2,"ASV_3492",9.38350380031904e-05,1
"ASV_3499",2,"ASV_3499",0.000150262960180316,1
"ASV_3521",2,"ASV_3521",0.00012190661952944,1
"ASV_3528",2,"ASV_3528",0.000138026224982747,1
"ASV_3532",2,"ASV_3532",9.22977525497254e-05,1
"ASV_3533",2,"ASV_3533",9.22977525497254e-05,1
"ASV_3545",2,"ASV_3545",8.06679304642439e-05,1
"ASV_3555",2,"ASV_3555",0.000209030100334448,1
"ASV_3556",2,"ASV_3556",0.000111675693785248,1
"ASV_3594",2,"ASV_3594",9.09338910611985e-05,1
"ASV_3597",2,"ASV_3597",0.000119904076738609,1
"ASV_3626",2,"ASV_3626",9.63344732912673e-05,1
"ASV_3630",2,"ASV_3630",7.07188571832679e-05,1
"ASV_3651",2,"ASV_3651",0.000171511877197496,1
"ASV_3656",2,"ASV_3656",0.000134661998384056,1
"ASV_3661",2,"ASV_3661",8.89679715302491e-05,1
"ASV_3663",2,"ASV_3663",0.000131440588853838,1
"ASV_3665",2,"ASV_3665",0.000245068006371768,1
"ASV_403",4,"ASV_403",0.00019739439399921,1
"ASV_3093",4,"ASV_3093",0.000277430989041476,1
"ASV_3390",2,"ASV_3390",9.34055669717915e-05,1
"ASV_2583",7,"ASV_2583",0.000498611012180355,1
"ASV_3092",4,"ASV_3092",0.000238279621135402,1
"ASV_3459",2,"ASV_3459",0.000126350369574831,1
"ASV_3639",2,"ASV_3639",0.000111092595678498,1
"ASV_2759",6,"ASV_2759",0.000259672812256557,1
"ASV_607",6,"ASV_607",0.000432370108813144,1
"ASV_3245",3,"ASV_3245",0.000233553912028026,1
"ASV_3073",4,"ASV_3073",0.000258598396689941,1
"ASV_2768",6,"ASV_2768",0.0002909796314258,1
"ASV_3098",4,"ASV_3098",0.0001995908387805,1
"ASV_3006",4,"ASV_3006",0.000210526315789474,1
"ASV_2701",6,"ASV_2701",0.000400774831340592,1
"ASV_2763",6,"ASV_2763",0.000245098039215686,1
"ASV_3024",4,"ASV_3024",0.00018018018018018,1
"ASV_3191",3,"ASV_3191",0.000239463601532567,1
"ASV_3300",3,"ASV_3300",0.000204012240734444,1
"ASV_3536",2,"ASV_3536",8.65576040855189e-05,1
"ASV_2731",6,"ASV_2731",0.000239205836622414,1
"ASV_2736",6,"ASV_2736",0.00038272628691714,1
"ASV_2900",5,"ASV_2900",0.000193042739662561,1
"ASV_3000",4,"ASV_3000",0.000378000378000378,1
"ASV_3165",3,"ASV_3165",0.00018758206715438,1
"ASV_3262",3,"ASV_3262",0.0001915097350782,1
"ASV_3279",3,"ASV_3279",0.000177064274331582,1
"ASV_3379",2,"ASV_3379",0.000116720163408229,1
"ASV_3433",2,"ASV_3433",0.000120438395760568,1
"ASV_3434",2,"ASV_3434",0.000207189474774681,1
"ASV_3485",2,"ASV_3485",0.00017082336863683,1
"ASV_3548",2,"ASV_3548",0.000182215743440233,1
"ASV_3592",2,"ASV_3592",0.0001161777519605,1
"ASV_3620",2,"ASV_3620",0.0001434617315831,1
"ASV_3632",2,"ASV_3632",9.979541939025e-05,1
"ASV_2299",6,"ASV_2299",0.000270221581696992,1
"ASV_1517",7,"ASV_1517",0.000432205482835268,1
"ASV_2609",7,"ASV_2609",0.000272851296043656,1
"ASV_2656",7,"ASV_2656",0.000459438172748753,1
"ASV_2730",6,"ASV_2730",0.000228232340522652,1
"ASV_2773",6,"ASV_2773",0.000272801673183596,1
"ASV_2783",6,"ASV_2783",0.000274800769442154,1
"ASV_2789",6,"ASV_2789",0.00039380414807036,1
"ASV_2800",6,"ASV_2800",0.000355155676571564,1
"ASV_3020",4,"ASV_3020",0.000243947063487223,1
"ASV_3055",4,"ASV_3055",0.000181126607498642,1
"ASV_3066",4,"ASV_3066",0.000162331074225884,1
"ASV_3069",4,"ASV_3069",0.000174352715543545,1
"ASV_3142",3,"ASV_3142",0.000163782278757438,1
"ASV_3218",3,"ASV_3218",0.000157092737079122,1
"ASV_3274",3,"ASV_3274",0.000195287071995834,1
"ASV_3511",2,"ASV_3511",0.000113090189426067,1
"ASV_3609",2,"ASV_3609",9.14829384319824e-05,1
"ASV_3641",2,"ASV_3641",8.18665575112566e-05,1
"ASV_2585",7,"ASV_2585",0.000390298299414553,1
"ASV_3463",2,"ASV_3463",0.000115114538966271,1
"ASV_3470",2,"ASV_3470",0.0001360266612256,1
"ASV_3210",3,"ASV_3210",0.000157051617631662,1
"ASV_3270",3,"ASV_3270",0.000157158573000157,1
"ASV_2572",7,"ASV_2572",0.000312290876645104,1
"ASV_2586",7,"ASV_2586",0.000388177230632729,1
"ASV_2613",7,"ASV_2613",0.000585529067335843,1
"ASV_2707",6,"ASV_2707",0.00032546786004882,1
"ASV_2715",6,"ASV_2715",0.000456586256753672,1
"ASV_2741",6,"ASV_2741",0.000222205762536108,1
"ASV_2851",5,"ASV_2851",0.000333689268553123,1
"ASV_2869",5,"ASV_2869",0.000235139202407825,1
"ASV_2881",5,"ASV_2881",0.000218426455812328,1
"ASV_2896",5,"ASV_2896",0.000202913842782355,1
"ASV_2911",5,"ASV_2911",0.000197480153244599,1
"ASV_2919",5,"ASV_2919",0.000240488672983502,1
"ASV_2983",4,"ASV_2983",0.000183975715205593,1
"ASV_2988",4,"ASV_2988",0.000234301780693533,1
"ASV_2994",4,"ASV_2994",0.000335176805765041,1
"ASV_3001",4,"ASV_3001",0.000304390837835781,1
"ASV_3009",4,"ASV_3009",0.000252175009456563,1
"ASV_3077",4,"ASV_3077",0.000224555100207713,1
"ASV_3095",4,"ASV_3095",0.000214638334406525,1
"ASV_3149",3,"ASV_3149",0.000226620335398096,1
"ASV_3195",3,"ASV_3195",0.000145236250968242,1
"ASV_3223",3,"ASV_3223",0.000154631204577084,1
"ASV_3236",3,"ASV_3236",0.000144906535284741,1
"ASV_3253",3,"ASV_3253",0.000124470998257406,1
"ASV_3255",3,"ASV_3255",0.000235867599654061,1
"ASV_3269",3,"ASV_3269",0.000141482739105829,1
"ASV_3293",3,"ASV_3293",0.000160978750804894,1
"ASV_3298",3,"ASV_3298",0.000201491033649003,1
"ASV_3328",3,"ASV_3328",0.000177525297354873,1
"ASV_3397",2,"ASV_3397",0.000104964836779679,1
"ASV_3407",2,"ASV_3407",0.000132837407013815,1
"ASV_3417",2,"ASV_3417",0.000193143408981169,1
"ASV_3464",2,"ASV_3464",0.000115114538966271,1
"ASV_3475",2,"ASV_3475",0.000104128703077003,1
"ASV_3487",2,"ASV_3487",0.000102759081333813,1
"ASV_3501",2,"ASV_3501",0.000129668049792531,1
"ASV_3508",2,"ASV_3508",0.00013204806549584,1
"ASV_3529",2,"ASV_3529",0.000134219179920811,1
"ASV_3531",2,"ASV_3531",0.000153350713080816,1
"ASV_3550",2,"ASV_3550",0.000101543460601137,1
"ASV_3605",2,"ASV_3605",0.000115386834362199,1
"ASV_3613",2,"ASV_3613",7.89920612978396e-05,1
"ASV_3659",2,"ASV_3659",9.8159509202454e-05,1
