"","OTU","rab.all","rab.win.Week 48","rab.win.Week 72","diff.btw","diff.win","effect","overlap","we.ep","we.eBH","wi.ep","wi.eBH","Kingdom","Phylum","Class","Order","Family","Genus","Species"
"1","Neisseria",13.3032325443037,13.2154296763245,13.423219501891,0.258215627716933,3.24204684711249,0.0619997754383976,0.462907418640573,0.362315940617515,0.941046880965534,0.373777759887609,0.930012824879482,"Bacteria","Proteobacteria","Gammaproteobacteria","Burkholderiales","Neisseriaceae","Neisseria",NA
"2","Haemophilus",13.3485014809489,13.2202151696622,13.4960199109829,0.144099412476095,3.24089293663498,0.0398444600393791,0.480303939277887,0.812403450027965,0.969520494756956,0.624403016195646,0.954584821969795,"Bacteria","Proteobacteria","Gammaproteobacteria","Pasteurellales","Pasteurellaceae","Haemophilus",NA
"3","Streptococcus",13.0350063678395,13.2247413898184,12.8859660462332,-0.167844912303472,2.3135529819294,-0.0519671626966007,0.468400000105756,0.627866124634093,0.955724540759053,0.411227843385253,0.942315636282505,"Bacteria","Firmicutes","Bacilli","Lactobacillales","Streptococcaceae","Streptococcus",NA
"4","Prevotella",11.6005270563936,11.345955768543,11.7792437725479,0.36451384140478,3.83302574583409,0.0697962005938609,0.453200000157379,0.117940950280743,0.905070073837218,0.221647299354247,0.914433289827033,"Bacteria","Bacteroidota","Bacteroidia","Bacteroidales","Prevotellaceae","Prevotella",NA
"5","Moraxella",5.53015571967519,4.80654414826018,6.05006814908357,0.212010845492292,8.29952995514742,0.0249633520569854,0.487302539534437,0.751982752536994,0.966190565008817,0.72868319104018,0.968126444133333,"Bacteria","Proteobacteria","Gammaproteobacteria","Pseudomonadales","Moraxellaceae","Moraxella",NA
"6","Veillonella",10.475758739115,10.4666492473695,10.4886963317206,0.0124331426586552,3.82672002327435,0.0017491752086941,0.498300339937677,0.700280472789558,0.961979454937126,0.851040122102971,0.976161756020577,"Bacteria","Firmicutes","Negativicutes","Veillonellales-Selenomonadales","Veillonellaceae","Veillonella",NA
"7","Fusobacterium",10.4668384635924,10.2711771303469,10.6724666523367,0.397129613098488,3.46753911266088,0.0736499936524841,0.445800000182815,0.719564655410737,0.964521226954112,0.194584926898947,0.909807936208445,"Bacteria","Fusobacteriota","Fusobacteriia","Fusobacteriales","Fusobacteriaceae","Fusobacterium",NA
"8","Porphyromonas",9.78245556672861,9.69783918642226,9.88719566716249,0.194442630462455,3.89813488673275,0.0371753751692853,0.475800000080856,0.770096662323454,0.967858915462899,0.642755154037603,0.956524158928437,"Bacteria","Bacteroidota","Bacteroidia","Bacteroidales","Porphyromonadaceae","Porphyromonas",NA
"9","Lautropia",7.70289132998741,7.86155000840542,7.62183903225916,-0.047201894920863,6.19531864860828,-0.00748724590922746,0.495100979820364,0.429163696382965,0.939772479679227,0.792493665882152,0.973511734257862,"Bacteria","Proteobacteria","Gammaproteobacteria","Burkholderiales","Burkholderiaceae","Lautropia",NA
"10","Actinobacillus",8.0640097647029,7.59201068215005,8.42377945142648,0.405579462388835,9.65049984186043,0.0422675972911182,0.470705858926178,0.592731201606123,0.951941908672952,0.456543550588941,0.938712790669861,"Bacteria","Proteobacteria","Gammaproteobacteria","Pasteurellales","Pasteurellaceae","Actinobacillus",NA
"11","Gemella",8.836045120068,8.87951689553989,8.80968526579965,-0.0912048755591712,2.8181240233989,-0.019932942342648,0.48560000004804,0.642266360912124,0.960767133625528,0.700728035488141,0.967661096600257,"Bacteria","Firmicutes","Bacilli","Staphylococcales","Gemellaceae","Gemella",NA
"12","Alloprevotella",9.62346270474627,9.40200938631981,9.89018545911599,0.587706863364248,4.9850326290363,0.0922529503754459,0.436712657682813,0.530048111293943,0.952799313764009,0.167816286059194,0.909862000644525,"Bacteria","Bacteroidota","Bacteroidia","Bacteroidales","Prevotellaceae","Alloprevotella",NA
"13","Leptotrichia",8.59567934011907,8.35934721270492,8.88063464603814,0.414713026590235,6.5069659446207,0.0591299409344002,0.461000000130796,0.474748689953664,0.947555690403135,0.350295549164739,0.928970996748327,"Bacteria","Fusobacteriota","Fusobacteriia","Fusobacteriales","Leptotrichiaceae","Leptotrichia",NA
"14","Rothia",8.99685326456092,9.20818325235199,8.7989184369643,-0.348902876923814,5.58840459011985,-0.0538392300827324,0.463307338655216,0.649704256746281,0.961174888037243,0.380242804120007,0.937361472205243,"Bacteria","Actinobacteriota","Actinobacteria","Micrococcales","Micrococcaceae","Rothia",NA
"15","Aggregatibacter",7.80643817536448,7.59468027157735,8.03348420965911,0.429941782437886,7.9805895501346,0.0521931684175511,0.462600000125368,0.496006946654275,0.9489926047932,0.322451834182733,0.923671137123121,"Bacteria","Proteobacteria","Gammaproteobacteria","Pasteurellales","Pasteurellaceae","Aggregatibacter",NA
"16","Granulicatella",8.87303722090463,8.88574275659315,8.86450944693781,0.00594303228897619,3.13168437619486,0.00116488141005909,0.499200000002666,0.452856703634691,0.947360276203256,0.832801101592703,0.9760046156914,"Bacteria","Firmicutes","Bacilli","Lactobacillales","Carnobacteriaceae","Granulicatella",NA
"17","Escherichia/Shigella",0.0954244341389341,0.0533779096231157,0.136943022447029,0.0631010588859082,4.34666408395723,0.0119727007359562,0.492600000024672,0.495941613601015,0.938475266061119,0.498021933907457,0.935683349648889,"Bacteria","Proteobacteria","Gammaproteobacteria","Enterobacterales","Enterobacteriaceae","Escherichia/Shigella",NA
"18","ASV_52",1.51556114741583,1.37125543653334,1.66419408054112,0.231395720275799,7.8122833988918,0.0300244791761124,0.481400000062086,0.569484105228998,0.957707342044847,0.565579173246739,0.954728356264874,"Bacteria","Proteobacteria","Gammaproteobacteria","Burkholderiales","Neisseriaceae","ASV_52",NA
"19","Actinomyces",7.86339441771744,8.01932914217636,7.73925152163928,-0.0414257137591578,7.3571319257931,-0.00493816813452626,0.495200000016001,0.725334823497247,0.965043485144751,0.838173299102822,0.978567713711929,"Bacteria","Actinobacteriota","Actinobacteria","Actinomycetales","Actinomycetaceae","Actinomyces",NA
"20","ASV_62",2.1824509798692,1.77680318045364,2.72368885602457,0.548002095352418,7.34831548044794,0.0702501550863616,0.465000000117241,0.337557065093711,0.92422801136084,0.349102553576153,0.921196959536718,"Bacteria","Firmicutes","Clostridia","Lachnospirales","Lachnospiraceae","ASV_62",NA
"21","Campylobacter",6.88025511785565,6.80792778222702,6.94471337933937,0.220295758783795,5.06774157765614,0.041123922843356,0.474000000086902,0.415052576220563,0.941532621603223,0.622343496957432,0.956408011196851,"Bacteria","Campilobacterota","Campylobacteria","Campylobacterales","Campylobacteraceae","Campylobacter",NA
"22","Bergeyella",2.00822193626425,1.81658052150895,2.24056106963818,0.387778682642701,6.50148282801415,0.0549890142362407,0.47550489910201,0.589338205513302,0.948253737923529,0.566616553640983,0.942796856207556,"Bacteria","Bacteroidota","Bacteroidia","Flavobacteriales","Weeksellaceae","Bergeyella",NA
"23","ASV_68",0.477828690984034,0.513011130686336,0.450422298789316,-0.0766016617394012,6.35808939970221,-0.00939831026888998,0.493200000022671,0.6381138684599,0.962564843270563,0.576877633942944,0.951955819329752,"Bacteria","Bacteroidota","Bacteroidia","Bacteroidales","Prevotellaceae","ASV_68",NA
"24","ASV_77",2.14942360885136,2.32427340600394,1.98971516398947,-0.482901835112705,7.57654584760852,-0.0604936205839343,0.46280000012469,0.496538118005003,0.946381919639826,0.417119873987781,0.93776224840966,"Bacteria","Firmicutes","Bacilli","Lactobacillales","Carnobacteriaceae","ASV_77",NA
"25","Dolosigranulum",0.364524939827987,0.361850595161533,0.371965206050987,-0.00748840970262865,4.97141194721293,-0.00155701870071393,0.499100179967006,0.55704254902873,0.949555907978202,0.548429110414152,0.949303307961138,"Bacteria","Firmicutes","Bacilli","Lactobacillales","Carnobacteriaceae","Dolosigranulum",NA
"26","Streptobacillus",1.92808767424455,2.00777850704968,1.86043734867291,0.308229496332189,6.9680094135559,0.0406870758539779,0.476504699138647,0.59038872442082,0.951254236322648,0.613743985846994,0.950314565649829,"Bacteria","Fusobacteriota","Fusobacteriia","Fusobacteriales","Leptotrichiaceae","Streptobacillus",NA
"27","Oribacterium",2.33143415337289,2.24373444196342,2.4194676945525,-0.0469563218537941,6.57278708409945,-0.00773937517296741,0.497100579893684,0.659239054432204,0.958456846834976,0.697618083916856,0.96031890769366,"Bacteria","Firmicutes","Clostridia","Lachnospirales","Lachnospiraceae","Oribacterium",NA
"28","ASV_112",0.372567144625216,0.302612689463818,0.442671112170047,0.239951849606096,5.56284989408891,0.0356994483995716,0.481103779307203,0.464522658307157,0.931887673849183,0.497541196600727,0.934530118873193,"Bacteria","Proteobacteria","Gammaproteobacteria","Pasteurellales","Pasteurellaceae","ASV_112",NA
"29","Stomatobaculum",2.42880449475383,2.28756206062694,2.59721738065481,0.046324347619108,6.5898143638022,0.00562524091178207,0.496100779857024,0.672160907332134,0.961512715481799,0.707544165791035,0.966260669194658,"Bacteria","Firmicutes","Clostridia","Lachnospirales","Lachnospiraceae","Stomatobaculum",NA
"30","Lachnoanaerobaculum",3.16529625224034,2.89917301920475,3.51624051781997,0.021461300780226,6.4621197016896,0.00289021230247944,0.497900419923013,0.653651042966402,0.959494999543595,0.723622286236237,0.967018771846495,"Bacteria","Firmicutes","Clostridia","Lachnospirales","Lachnospiraceae","Lachnoanaerobaculum",NA
"31","ASV_120",0.209913619894404,0.092431268818558,0.339581100026699,0.31580852456404,4.74352703621552,0.0569830304787153,0.466000000113859,0.296786810445826,0.880233487106206,0.419386155507712,0.914951269294207,"Bacteria","Proteobacteria","Gammaproteobacteria","Pasteurellales","Pasteurellaceae","ASV_120",NA
"32","ASV_126",0.166040145823763,0.171788386332879,0.161940247118526,-0.0360139368500052,4.53640913533888,-0.00728511827880843,0.49570085984236,0.529711635799295,0.950603257796186,0.52117932945916,0.939384207098786,"Bacteria","Cyanobacteria","Cyanobacteriia","Chloroplast","ASV_126","ASV_126",NA
"33","Mannheimia",0.706288737784449,0.680181455870343,0.731999522213552,0.060723001175222,6.30654406090054,0.00873376774220923,0.495600000014668,0.612939494031914,0.956769021303703,0.610573913979965,0.951656611899348,"Bacteria","Proteobacteria","Gammaproteobacteria","Pasteurellales","Pasteurellaceae","Mannheimia",NA
"34","TM7x",1.60411285794241,1.57787907431877,1.63065324482687,0.0588872596895893,6.13391199816409,0.0103936623319403,0.495300939827696,0.573598007743376,0.95262128107259,0.60825609436052,0.95020054718582,"Bacteria","Patescibacteria","Saccharimonadia","Saccharimonadales","Saccharimonadaceae","TM7x",NA
"35","Tropheryma",0.36407576527851,0.312212632875954,0.42651038757724,0.213607517875984,5.19009786124744,0.0350129334814176,0.480800000064094,0.545236294723979,0.949472140984738,0.558546407002366,0.946546580096377,"Bacteria","Actinobacteriota","Actinobacteria","Micrococcales","Cellulomonadaceae","Tropheryma",NA
"36","Solobacterium",2.05945879206433,1.78457788106618,2.31790846225278,0.363441508329296,5.79705927208339,0.055621066514047,0.47250549899211,0.471205760990962,0.943734132664128,0.494471388988616,0.941810075791538,"Bacteria","Firmicutes","Bacilli","Erysipelotrichales","Erysipelotrichaceae","Solobacterium",NA
"37","Peptostreptococcus",2.95495337307486,3.48038219191448,2.54820356914493,-0.614673140673102,6.00629594155258,-0.0954185523879866,0.450709858194241,0.354016157106643,0.935048023987181,0.274709269400254,0.92254412339567,"Bacteria","Firmicutes","Clostridia","Peptostreptococcales-Tissierellales","Peptostreptococcaceae","Peptostreptococcus",NA
"38","Abiotrophia",0.815418359213798,0.856657751053508,0.77220244106516,-0.143849547647013,5.79530363240371,-0.0225457825936922,0.489102179600416,0.613150016725579,0.959258711732241,0.611708813968572,0.958919522735054,"Bacteria","Firmicutes","Bacilli","Lactobacillales","Aerococcaceae","Abiotrophia",NA
"39","Oceanivirga",0.476404366079105,0.521944030325729,0.428976327229193,-0.248777998069702,5.30899058449065,-0.0402073036714165,0.477304539167959,0.512017306598775,0.938513594268849,0.487289092267912,0.937166953957402,"Bacteria","Fusobacteriota","Fusobacteriia","Fusobacteriales","Leptotrichiaceae","Oceanivirga",NA
"40","Corynebacterium",1.9707502532617,1.66086171372742,2.32768486195676,0.67105738887309,6.39563789738823,0.0985403826425577,0.457308538435634,0.361374423831369,0.931241062592402,0.347534097755684,0.920100378272963,"Bacteria","Actinobacteriota","Actinobacteria","Corynebacteriales","Corynebacteriaceae","Corynebacterium",NA
"41","ASV_157",0.662352119694286,0.461093892571176,0.867066879434118,0.492079871331607,5.78194501347742,0.0767689465126468,0.461907618603969,0.302977189544183,0.907884688683248,0.329687849345809,0.904445042167445,"Bacteria","Patescibacteria","Gracilibacteria","Absconditabacteriales_(SR1)","ASV_157","ASV_157",NA
"42","ASV_163",0.384282641180588,0.353470691967289,0.411119611193482,0.0527849096162081,4.82429935433323,0.0098219201738789,0.495200000016001,0.533957205327169,0.940628302781459,0.534359016689945,0.933823398585064,"Bacteria","Cyanobacteria","Cyanobacteriia","Chloroplast","ASV_163","ASV_163",NA
"43","ASV_180",0.439749975534943,0.496436540457051,0.391120566570374,-0.166901683058422,5.51670366913938,-0.0277290536391876,0.484200000052719,0.556011207806795,0.949094146095535,0.563866932351422,0.944104842618507,"Bacteria","Firmicutes","Bacilli","Lactobacillales","Carnobacteriaceae","ASV_180",NA
"44","ASV_182",0.22836988536625,0.312127598302488,0.145682106472236,-0.213324312808821,4.78387827165266,-0.0374223281484426,0.477400000075488,0.440623528795944,0.923363951168031,0.469369536135658,0.917968492338421,"Bacteria","Bacteroidota","Bacteroidia","Bacteroidales","Prevotellaceae","ASV_182",NA
"45","ASV_187",0.433955680050589,0.273396845166635,0.615306682462413,0.360189905545091,5.06442553975889,0.0659919599273174,0.465506898735757,0.380417555088669,0.904664998888782,0.352910158099604,0.896586612612984,"Bacteria","Patescibacteria","Gracilibacteria","Absconditabacteriales_(SR1)","ASV_187","ASV_187",NA
"46","Treponema",2.06835516912678,1.86951040066565,2.2635341841605,0.385708602072512,6.286814519103,0.0620732929327389,0.475200000082871,0.544613557185395,0.950380265945354,0.530819172428971,0.947755273249065,"Bacteria","Spirochaetota","Spirochaetia","Spirochaetales","Spirochaetaceae","Treponema",NA
"47","Eikenella",0.37717923763314,0.327693685339047,0.434947526378654,0.242173149882826,5.12517080934423,0.0428772707603716,0.4768000000775,0.523611987571067,0.947169326083568,0.535059829271889,0.940774025969267,"Bacteria","Proteobacteria","Gammaproteobacteria","Burkholderiales","Neisseriaceae","Eikenella",NA
"48","ASV_203",0.227629156969682,0.264207793682179,0.189104576583993,-0.0495621744905277,4.78696413050863,-0.00720169221148857,0.496000000013334,0.537999183720257,0.953890074510005,0.505768628416222,0.944192085846263,"Bacteria","Bacteroidota","Bacteroidia","Bacteroidales","Prevotellaceae","ASV_203",NA
"49","ASV_205",0.960287001651886,0.853559278899056,1.04625384205354,0.35326907204107,5.44991241708028,0.0556553117239088,0.470505898918853,0.435276563782459,0.948492116357647,0.44822432667479,0.93877907339349,"Bacteria","Firmicutes","Clostridia","Clostridia_UCG-014","ASV_205","ASV_205",NA
"50","ASV_209",0.749222356408906,0.61034247359784,0.921649952096738,0.372377361061608,5.23161303223953,0.0665499477864143,0.466306738765048,0.478894831449839,0.940695015926759,0.465410769050126,0.93241659250675,"Bacteria","Firmicutes","Clostridia","Clostridia_UCG-014","ASV_209","ASV_209",NA
"51","F0058",0.61267872699283,0.468921894760149,0.764693378284323,0.288814444617931,4.718938132438,0.0513048026566808,0.47150569895548,0.427223820445856,0.925500334045072,0.406138426723477,0.920339526167869,"Bacteria","Bacteroidota","Bacteroidia","Bacteroidales","Paludibacteraceae","F0058",NA
"52","ASV_214",0.217443818837819,0.228277536355082,0.202657055025471,-0.114051411187598,4.96066873256203,-0.0224364050242031,0.489800000034014,0.560087366744502,0.945459689038103,0.537845508396025,0.943614478437031,"Bacteria","Proteobacteria","Gammaproteobacteria","Pasteurellales","Pasteurellaceae","ASV_214",NA
"53","ASV_216",0.388408229210497,0.296991191475988,0.485025707177089,0.220528116466383,4.89091513506904,0.0391081261295735,0.479400000068783,0.4603543650337,0.932988174552888,0.4542951182577,0.925738904669476,"Bacteria","Bacteroidota","Bacteroidia","Bacteroidales","Prevotellaceae","ASV_216",NA
"54","Conchiformibius",0.559095322549908,0.509203575151518,0.611771782310815,0.104553462807042,5.51293685648453,0.0171496372853813,0.489800000034014,0.595524801766409,0.957628138227661,0.546425406770936,0.944642687273884,"Bacteria","Proteobacteria","Gammaproteobacteria","Burkholderiales","Neisseriaceae","Conchiformibius",NA
"55","Hydrogenophaga",0.26300288389233,0.235378943982107,0.287853390465727,0.0192472191693778,4.4970622212797,0.00393472165471541,0.49770045991568,0.510914952209813,0.938840855663128,0.527015516488921,0.938319734222886,"Bacteria","Proteobacteria","Gammaproteobacteria","Burkholderiales","Comamonadaceae","Hydrogenophaga",NA
"56","Catonella",1.46574940437692,1.71726070766671,1.24242670611551,-0.555876156983733,5.95054771375658,-0.0858005381425289,0.4557088583771,0.38359132485814,0.934151884698705,0.375296744156061,0.930334769904966,"Bacteria","Firmicutes","Clostridia","Lachnospirales","Lachnospiraceae","Catonella",NA
"57","Candidatus_Saccharimonas",0.755631991326805,0.801415429843479,0.721179116253838,-0.0284899053518242,4.84473385644766,-0.0055399581985101,0.496400000012001,0.536309307511796,0.950726904616587,0.577457251650442,0.95070976218586,"Bacteria","Patescibacteria","Saccharimonadia","Saccharimonadales","Saccharimonadaceae","Candidatus_Saccharimonas",NA
"58","ASV_239",0.301130146159288,0.287593206986656,0.309665154580268,-0.075702096228996,4.85079221408084,-0.0149486478295986,0.490400000032012,0.551398429726523,0.93941037689551,0.535416833046333,0.932092172365038,"Bacteria","Bacteroidota","Bacteroidia","Bacteroidales","Prevotellaceae","ASV_239",NA
"59","ASV_242",0.204365161054061,0.253096142452185,0.154910822772549,-0.0962993273542461,4.50850519901507,-0.0173988283529857,0.490000000033347,0.51810818230901,0.927081673494312,0.489646324457012,0.927491856225771,"Bacteria","Cyanobacteria","Cyanobacteriia","Chloroplast","ASV_242","ASV_242",NA
"60","Mogibacterium",0.851297211379374,0.815802008907593,0.880973303618561,0.0413956014263501,5.06142717551608,0.00881444792929657,0.495800000014001,0.617993303597386,0.954733190368553,0.618897836655654,0.953912851105198,"Bacteria","Firmicutes","Clostridia","Peptostreptococcales-Tissierellales","Anaerovoracaceae","Mogibacterium",NA
"61","Atopobium",0.781079669820529,0.90423984406278,0.666780875712931,-0.248646097271602,5.41178045842484,-0.0416173419801104,0.480200000066103,0.557512586930753,0.948954701059853,0.534473022395416,0.943637275677787,"Bacteria","Actinobacteriota","Coriobacteriia","Coriobacteriales","Atopobiaceae","Atopobium",NA
"62","Selenomonas",0.947901509975968,1.01597124343568,0.875714386240531,-0.151502100596611,5.36203209964779,-0.0264601374445707,0.486400000045367,0.566223348934083,0.953256871375271,0.564170190712831,0.95052592245685,"Bacteria","Firmicutes","Negativicutes","Veillonellales-Selenomonadales","Selenomonadaceae","Selenomonas",NA
"63","ASV_260",0.142818954126493,0.0989350559268107,0.182786971942882,0.0638344171180769,4.42830972950328,0.0111274660164352,0.493000000023338,0.522838988178377,0.940253789423577,0.503949262419376,0.936516760990459,"Bacteria","Proteobacteria","Gammaproteobacteria","Burkholderiales","Neisseriaceae","ASV_260",NA
"64","Parvimonas",0.569568954827374,0.510073487208214,0.614552820925283,0.141661786376559,4.96642235307289,0.0228847025784256,0.485702859475792,0.502165071654505,0.94385927421712,0.573985080031106,0.951105005395987,"Bacteria","Firmicutes","Clostridia","Peptostreptococcales-Tissierellales","Peptostreptococcales-Tissierellales_fa","Parvimonas",NA
"65","Cardiobacterium",0.581772122363147,0.694200011976826,0.478499203691925,-0.249741897650372,4.7564849956618,-0.0463032547713096,0.476200000079513,0.464074297791872,0.927244149695766,0.463378963854675,0.921130376168168,"Bacteria","Proteobacteria","Gammaproteobacteria","Cardiobacteriales","Cardiobacteriaceae","Cardiobacterium",NA
"66","ASV_280",0.280011630249832,0.217709552454055,0.341412661467272,0.142380918437621,4.81353587543989,0.0236291507166044,0.486102779490452,0.510184995969915,0.944222265240592,0.510027473776928,0.936228149833963,"Bacteria","Patescibacteria","Gracilibacteria","Absconditabacteriales_(SR1)","ASV_280","ASV_280",NA
"67","ASV_283",0.225511005428375,0.193531319386418,0.251726028645332,0.116285089959232,4.53143213973882,0.0221353443645422,0.488102379563761,0.49839593219819,0.939706722478401,0.495929743527917,0.927145374272684,"Bacteria","Bacteroidota","Bacteroidia","Bacteroidales","Prevotellaceae","ASV_283",NA
"68","Comamonas",0.48349027236692,0.530518419074053,0.435713865186862,-0.137241338202966,4.88920255530101,-0.0246520341760507,0.487000000043362,0.546937345421771,0.941221290177988,0.543158037591427,0.940018133315588,"Bacteria","Proteobacteria","Gammaproteobacteria","Burkholderiales","Comamonadaceae","Comamonas",NA
"69","Capnocytophaga",1.14406055420921,1.22400837004305,1.07480123065789,-0.094218184221166,5.37420351286546,-0.0143145051751064,0.492501499725051,0.606919262313222,0.953807684238768,0.62531848587916,0.952830934039782,"Bacteria","Bacteroidota","Bacteroidia","Flavobacteriales","Flavobacteriaceae","Capnocytophaga",NA
"70","ASV_286",0.164493252503849,0.15057549708964,0.179757431590423,0.0289186864649045,4.44012103113503,0.00633019871828984,0.496600000011333,0.538026279943964,0.949152949948066,0.555235641965301,0.943849657785107,"Bacteria","Cyanobacteria","Cyanobacteriia","Chloroplast","ASV_286","ASV_286",NA
"71","Butyrivibrio",0.656030756398084,0.641600930624777,0.67757306871374,-0.0255662444193012,4.99011223125675,-0.00445400574146041,0.497100579893684,0.516316190928722,0.95058615535014,0.534057244885369,0.947312279743854,"Bacteria","Firmicutes","Clostridia","Lachnospirales","Lachnospiraceae","Butyrivibrio",NA
"72","ASV_307",0.440356997928464,0.539292480540301,0.337984749174533,-0.250207577369132,4.87882193878871,-0.0518751904774318,0.478504299211928,0.463219841285823,0.929365857367554,0.483408979654843,0.935131246195456,"Bacteria","Firmicutes","Negativicutes","Veillonellales-Selenomonadales","Veillonellaceae","ASV_307",NA
"73","Mycoplasma",0.733508303921544,0.697386395023958,0.769644774407903,0.105091563391057,5.09887141149552,0.0174088147725282,0.490800000030677,0.521879714255521,0.944721098546325,0.511796310712194,0.941090968357589,"Bacteria","Firmicutes","Bacilli","Mycoplasmatales","Mycoplasmataceae","Mycoplasma",NA
"74","Tannerella",0.819135178011506,0.741623491661727,0.903467724362367,0.13762938886872,5.06304737438742,0.0254238340046434,0.485902819483122,0.519499694028487,0.948359372956706,0.522120664000446,0.93903293896202,"Bacteria","Bacteroidota","Bacteroidia","Bacteroidales","Tannerellaceae","Tannerella",NA
"75","ASV_329",0.160986153570756,0.11684168259662,0.204321926277787,0.0335133121151934,4.4605889313788,0.00791967450497214,0.497100579893684,0.529593106276818,0.94737742073918,0.504589926743878,0.935992603477967,"Bacteria","Proteobacteria","Gammaproteobacteria","Burkholderiales","Neisseriaceae","ASV_329",NA
"76","ASV_331",0.258815716346209,0.286927630056586,0.232993627696914,-0.136209414382257,4.60850579336306,-0.0263283958781398,0.487102579527106,0.488141183265624,0.948235262352933,0.515089726648994,0.940925520772581,"Bacteria","Firmicutes","Clostridia","Peptostreptococcales-Tissierellales","Anaerovoracaceae","ASV_331",NA
"77","Filifactor",0.586670679471492,0.56328365870167,0.609104456216033,0.0928419069439794,5.01190351945315,0.0192456633762324,0.488800000037352,0.544673614170439,0.950827200035484,0.552497558142677,0.946386849286232,"Bacteria","Firmicutes","Clostridia","Peptostreptococcales-Tissierellales","Peptostreptococcaceae","Filifactor",NA
"78","Dialister",0.379654553672984,0.322266398752165,0.438158118058547,0.0749047505378178,4.90857330328754,0.0146327356761486,0.494301139791037,0.558014614327337,0.949009558025475,0.555309227273236,0.946685772656105,"Bacteria","Firmicutes","Negativicutes","Veillonellales-Selenomonadales","Veillonellaceae","Dialister",NA
"79","ASV_339",0.11054257433316,0.0789250299021313,0.156361653764345,0.0533158887679841,4.4038425530954,0.0111350518871782,0.494501099798368,0.487817946849394,0.937892912515779,0.501458230937608,0.934760683257793,"Bacteria","Proteobacteria","Alphaproteobacteria","Rickettsiales","Mitochondria","ASV_339",NA
"80","Peptococcus",0.893799112361135,1.06504625433653,0.748931101783977,-0.357809267875481,4.86349651512674,-0.065628224138151,0.464200000119948,0.35776850744906,0.924587467413714,0.360877411551108,0.911313444981844,"Bacteria","Firmicutes","Clostridia","Peptococcales","Peptococcaceae","Peptococcus",NA
"81","Hyphomicrobium",0.151796703457486,0.0992882687079506,0.206978659637992,0.188651345717339,4.4569282051912,0.0371604685690031,0.479904019263229,0.473650017814933,0.94330874983681,0.488538350787456,0.938958071790735,"Bacteria","Proteobacteria","Alphaproteobacteria","Rhizobiales","Hyphomicrobiaceae","Hyphomicrobium",NA
"82","ASV_383",0.18741637210668,0.123548095172525,0.2502138167468,0.122818071571968,4.56006534896201,0.0240469788082678,0.486902619519775,0.450765460955438,0.919321736244725,0.488687917234759,0.923241011252035,"Bacteria","Patescibacteria","Gracilibacteria","Absconditabacteriales_(SR1)","ASV_383","ASV_383",NA
"83","ASV_409",0.184895861178093,0.171278090805451,0.196612141218809,0.0297966155394542,4.4433691880924,0.0070533443499254,0.496300739864356,0.522844723617939,0.943427154250327,0.492065175568912,0.937429941748323,"Bacteria","Firmicutes","Clostridia","Peptostreptococcales-Tissierellales","Anaerovoracaceae","ASV_409",NA
"84","F0332",0.221759292801762,0.240839087407967,0.200140033482373,-0.123203815338252,4.47318680722154,-0.0236900849253742,0.489702059622409,0.499029856249095,0.936268792594592,0.478196345143458,0.92510139710517,"Bacteria","Actinobacteriota","Actinobacteria","Actinomycetales","Actinomycetaceae","F0332",NA
"85","ASV_422",0.240724987814835,0.24698626457613,0.233237839961537,-0.00534955999370101,4.55232265182097,-0.00108901163345811,0.499200000002666,0.489703539231134,0.932715833009776,0.520139866231085,0.937773315788543,"Bacteria","Firmicutes","Bacilli","Acholeplasmatales","Acholeplasmataceae","ASV_422",NA
"86","ASV_428",0.164572623434143,0.0905066556115157,0.239303734999901,0.185407126057847,4.57992236862315,0.0373016932077412,0.481800000060747,0.472676567198283,0.919823303239832,0.49849929008502,0.92383999572696,"Bacteria","Bacteroidota","Bacteroidia","Bacteroidales","Prevotellaceae","ASV_428",NA
"87","Peptoanaerobacter",0.335548216460234,0.425106562097931,0.237445025883222,-0.27471878420188,4.62001564491045,-0.0536142278009645,0.473705259036067,0.442132248080514,0.934415811145558,0.435099024730397,0.927376376805804,"Bacteria","Firmicutes","Clostridia","Peptostreptococcales-Tissierellales","Peptostreptococcaceae","Peptoanaerobacter",NA
"88","Delftia",0.169023540703057,0.133586746140941,0.199432783452622,0.0740879448384089,4.46160563150684,0.0134784915818711,0.492600000024672,0.51588653440761,0.923689232089269,0.55070391394855,0.93649714827823,"Bacteria","Proteobacteria","Gammaproteobacteria","Burkholderiales","Comamonadaceae","Delftia",NA
"89","Sphingopyxis",0.226854514938884,0.125282317205809,0.32127240080412,0.248490647918016,4.24355180027497,0.0503679655783749,0.474505099065374,0.468373485357967,0.924423291115281,0.450141069735086,0.924135244034705,"Bacteria","Proteobacteria","Alphaproteobacteria","Sphingomonadales","Sphingomonadaceae","Sphingopyxis",NA
"90","Kingella",0.441629545593007,0.419431771763367,0.463301618085983,0.0668714156548607,4.92790034149242,0.0133924196986268,0.493200000022671,0.565242176086993,0.943760298858513,0.538920106251743,0.936178120737351,"Bacteria","Proteobacteria","Gammaproteobacteria","Burkholderiales","Neisseriaceae","Kingella",NA
"91","Lentimicrobium",0.38381035741115,0.362590051607007,0.404173369438994,0.112048536025783,4.78486494155579,0.0178706221838784,0.490600000031345,0.541568067976953,0.937776792707607,0.546790501583111,0.934473783529718,"Bacteria","Bacteroidota","Bacteroidia","Sphingobacteriales","Lentimicrobiaceae","Lentimicrobium",NA
"92","ASV_461",0.280540258078098,0.267110529963917,0.291790513671977,-0.0161718852466937,4.50598869971077,-0.0036185777134585,0.49770045991568,0.548463222741328,0.953935459078525,0.547562462682498,0.945777619922729,"Bacteria","Patescibacteria","Gracilibacteria","Absconditabacteriales_(SR1)","ASV_461","ASV_461",NA
"93","ASV_472",0.224587356058494,0.193248326703062,0.24968885057711,0.10058810908452,4.61329579243131,0.0174151688502997,0.490301939644404,0.534605858711421,0.943241083004626,0.555027034046985,0.942632905139483,"Bacteria","Firmicutes","Clostridia","Lachnospirales","Lachnospiraceae","ASV_472",NA
"94","ASV_485",0.169347987637536,0.0821535360671106,0.275703429163448,0.255169011594002,4.59999856971145,0.0491628102463513,0.473305339021414,0.454302724652428,0.923439169470895,0.456363340028971,0.923301240308237,"Bacteria","Firmicutes","Clostridia","Peptostreptococcales-Tissierellales","Anaerovoracaceae","ASV_485",NA
"95","Amnipila",0.33042310453833,0.355944665868403,0.296779785589329,-0.183016450572868,4.54751758575895,-0.0321395627277246,0.485200000049376,0.518886838400102,0.949002103806428,0.55391156953048,0.939058514448424,"Bacteria","Firmicutes","Clostridia","Peptostreptococcales-Tissierellales","Anaerovoracaceae","Amnipila",NA
"96","Bulleidia",0.299458399592082,0.256440633092832,0.339143242789595,0.110402840024056,4.57179786450242,0.0198551467893428,0.487800000040691,0.527673774639267,0.939360920237714,0.535720272477874,0.946662611321446,"Bacteria","Firmicutes","Bacilli","Erysipelotrichales","Erysipelotrichaceae","Bulleidia",NA
"97","ASV_508",0.151417320351111,0.164441522289932,0.132260216326711,-0.0344809912697617,4.53413459579038,-0.00740798896665729,0.495600000014668,0.501527789446436,0.935132437003267,0.486651531843106,0.930756519513844,"Bacteria","Firmicutes","Negativicutes","Veillonellales-Selenomonadales","Selenomonadaceae","ASV_508",NA
"98","Rikenellaceae_RC9_gut_group",0.250419934288438,0.235838990019207,0.26259399443965,0.0407344641822265,4.40580209829176,0.00749172207414709,0.495500899835028,0.526415287284266,0.947733070570336,0.520426378279025,0.942492124990284,"Bacteria","Bacteroidota","Bacteroidia","Bacteroidales","Rikenellaceae","Rikenellaceae_RC9_gut_group",NA
"99","ASV_525",0.135136355636057,0.163867022597241,0.0950228410528036,-0.0457996981457205,4.44695152202598,-0.0091531529426349,0.494800000017335,0.523765898291555,0.94624797978327,0.51171312592876,0.936553750833949,"Bacteria","Bacteroidota","Bacteroidia","Bacteroidales","Prevotellaceae","ASV_525",NA
"100","Sneathia",0.152023387359009,0.17027713173043,0.136037042597476,-0.0271756493255966,4.47793226425137,-0.00608352446913401,0.497100579893684,0.516284352230212,0.941948626826687,0.555462933691644,0.937823568573281,"Bacteria","Fusobacteriota","Fusobacteriia","Fusobacteriales","Leptotrichiaceae","Sneathia",NA
"101","ASV_533",0.113978369132425,0.0895166060967156,0.145549462958013,0.127975756720834,4.40779383770574,0.0281983879571107,0.486600000044699,0.493651564276126,0.923270885403457,0.477877873996195,0.924522003452691,"Bacteria","Cyanobacteria","Cyanobacteriia","Chloroplast","ASV_533","ASV_533",NA
"102","ASV_540",0.287033468043899,0.201793516428637,0.361676028690692,0.272831871256232,4.54689123627483,0.0505891413372361,0.472000000093627,0.476285298217828,0.926556011126173,0.477568492150991,0.911676620794965,"Bacteria","Patescibacteria","Saccharimonadia","Saccharimonadales","ASV_540","ASV_540",NA
"103","Centipeda",0.315798920110152,0.352356043149942,0.269886794791184,-0.13222944708387,4.63522582886371,-0.023749359744869,0.487600000041359,0.501663818820445,0.932447481289583,0.518347350162848,0.929202356461761,"Bacteria","Firmicutes","Negativicutes","Veillonellales-Selenomonadales","Selenomonadaceae","Centipeda",NA
"104","ASV_561",0.193369006908932,0.182891950201322,0.201031929382437,-0.00758065176271305,4.50218348980959,-0.00100182928967935,0.499300139974337,0.514125705167197,0.944083190187783,0.496239674944535,0.934798789170255,"Bacteria","Patescibacteria","Gracilibacteria","ASV_561","ASV_561","ASV_561",NA
"105","Lactobacillus",0.184854679559117,0.173981429876639,0.200458458175781,0.093211103213755,4.39672406321625,0.0177418877184176,0.491701659695724,0.540753087973564,0.954573782239418,0.562455640993916,0.942922787192116,"Bacteria","Firmicutes","Bacilli","Lactobacillales","Lactobacillaceae","Lactobacillus",NA
"106","ASV_572",0.127977610488779,0.0743493222244993,0.178867689590596,0.164531623559983,4.50085716033169,0.0297707891909518,0.48240000005874,0.491510507025606,0.94258243759806,0.483827091747074,0.932681153073518,"Bacteria","Bacteroidota","Bacteroidia","Bacteroidales","Prevotellaceae","ASV_572",NA
"107","Staphylococcus",0.121254070814422,0.0866314628315594,0.165486398359066,0.113420312598521,4.41529209045297,0.0212342787836082,0.487600000041359,0.532860763846276,0.944893227760795,0.514566481793887,0.939843783900402,"Bacteria","Firmicutes","Bacilli","Staphylococcales","Staphylococcaceae","Staphylococcus",NA
"108","ASV_586",0.129763428861078,0.0626285482660105,0.194382406280445,0.187928602500572,4.44362569396074,0.041625688198665,0.481303739314533,0.510578818397874,0.937818420294027,0.500579903941956,0.930606655935589,"Bacteria","Proteobacteria","Gammaproteobacteria","Burkholderiales","Neisseriaceae","ASV_586",NA
"109","Defluviitaleaceae_UCG-011",0.409695438681497,0.441960021315144,0.374837602014309,-0.122803574751119,4.64206588848691,-0.0209885123169061,0.488102379563761,0.512271053004178,0.94529155320203,0.538940326013855,0.947299605270384,"Bacteria","Firmicutes","Clostridia","Lachnospirales","Defluviitaleaceae","Defluviitaleaceae_UCG-011",NA
"110","ASV_591",0.151105218709646,0.175158970964158,0.116101463119566,-0.0534335470029923,4.44334577375665,-0.00926812890392343,0.495500899835028,0.522691719704636,0.939438273763465,0.522247404431374,0.93693345979573,"Bacteria","Bacteroidota","Bacteroidia","Bacteroidales","Prevotellaceae","ASV_591",NA
"111","ASV_639",0.283611238044533,0.230610688695645,0.345833673936434,0.185575573164128,4.53149392361258,0.0313764593780654,0.480400000065434,0.522722360850448,0.947255854799395,0.501807070242754,0.934398798740293,"Bacteria","Firmicutes","Bacilli","RF39","ASV_639","ASV_639",NA
"112","ASV_644",0.189204265356367,0.164521557474233,0.220868397801863,0.110937312775811,4.4722543073777,0.0200237796025801,0.488502299578422,0.485300363441911,0.946827865441682,0.511277797962525,0.945178219881758,"Bacteria","Proteobacteria","Gammaproteobacteria","Cardiobacteriales","Cardiobacteriaceae","ASV_644",NA
"113","ASV_682",0.313174034244319,0.317343997710569,0.309808218529728,0.000284765350111904,4.44669954826757,0.000196377616714793,0.499700059989002,0.447064926458121,0.939287960146654,0.454099775754947,0.93756724217542,"Bacteria","Firmicutes","Clostridia","Peptostreptococcales-Tissierellales","Anaerovoracaceae","ASV_682",NA
"114","Shuttleworthia",0.12558404754504,0.134753244878195,0.113995267649337,0.0468969772895766,4.41699645336679,0.0097020188209848,0.49570085984236,0.549184241154996,0.947393718776884,0.527523760444322,0.946065829073136,"Bacteria","Firmicutes","Clostridia","Lachnospirales","Lachnospiraceae","Shuttleworthia",NA
"115","Family_XIII_UCG-001",0.260803808625327,0.348337107049794,0.159801518967929,-0.219084096927331,4.42453566135682,-0.0432792210717919,0.480303939277887,0.521362235186296,0.934483383120222,0.498558099827398,0.927437616566697,"Bacteria","Firmicutes","Clostridia","Peptostreptococcales-Tissierellales","Anaerovoracaceae","Family_XIII_UCG-001",NA
"116","ASV_709",0.0922519456546294,0.0839870449206073,0.10392874335203,0.0513268157991469,4.48057105177761,0.00899244871402359,0.495000000016668,0.482523020372147,0.93327779020863,0.486756205056142,0.936707280853799,"Bacteria","Bacteroidota","Bacteroidia","Bacteroidales","Prevotellaceae","ASV_709",NA
"117","Fretibacterium",0.265784364755491,0.233292568729675,0.301921272557879,0.0701702008022709,4.57215522100126,0.0129666947021825,0.492901419739715,0.442437930425016,0.926051272748776,0.441306937600125,0.920828898023074,"Bacteria","Synergistota","Synergistia","Synergistales","Synergistaceae","Fretibacterium",NA
"118","Alysiella",0.156301598947469,0.136211084683068,0.178117501515851,0.0632592286211606,4.5133593524622,0.011974446103322,0.495000000016668,0.49843908484723,0.946725271661585,0.523449405238589,0.945389019288043,"Bacteria","Proteobacteria","Gammaproteobacteria","Burkholderiales","Neisseriaceae","Alysiella",NA
"119","Anaeroglobus",0.260804400225611,0.333161565922847,0.188352553113132,-0.194689353773338,4.62726099541602,-0.0386936027798733,0.479400000068783,0.481469710131686,0.929601837598775,0.46327735925686,0.929601893829031,"Bacteria","Firmicutes","Negativicutes","Veillonellales-Selenomonadales","Veillonellaceae","Anaeroglobus",NA
"120","ASV_821",0.144157050638595,0.078607922005375,0.206821158169436,0.193165878080936,4.34452544353707,0.0392655323611008,0.480600000064764,0.477050988585896,0.933562706954866,0.486470812680916,0.927190853332209,"Bacteria","Patescibacteria","Saccharimonadia","Saccharimonadales","Saccharimonadaceae","ASV_821",NA
"121","ASV_854",0.183574325199659,0.120137399238132,0.238604850155243,0.120930963485209,4.46498168824936,0.0242238115577645,0.487302539534437,0.474564702640719,0.939466760582568,0.465340084764726,0.935443476954533,"Bacteria","Proteobacteria","Gammaproteobacteria","Cardiobacteriales","Cardiobacteriaceae","ASV_854",NA
"122","ASV_897",0.108710276972125,0.0957533584656867,0.121178618700679,0.0412069533141519,4.40461670029822,0.0100282480059149,0.49570085984236,0.498107906420951,0.937695557874648,0.48149494796728,0.938499786880137,"Bacteria","Proteobacteria","Gammaproteobacteria","Burkholderiales","Neisseriaceae","ASV_897",NA
"123","Olsenella",0.141737348539218,0.0846719200660919,0.197293276834181,0.112582276760913,4.39165447830625,0.0242088172034438,0.487600000041359,0.481053917206235,0.940234363905963,0.454042048330743,0.931561774578253,"Bacteria","Actinobacteriota","Coriobacteriia","Coriobacteriales","Atopobiaceae","Olsenella",NA
"124","Scardovia",0.147745170241627,0.17844658553317,0.117849650788868,-0.0732038133868951,4.45633801913497,-0.0143176627129649,0.494000000020003,0.529761938424801,0.948758599587848,0.541460537773564,0.949774724933501,"Bacteria","Actinobacteriota","Actinobacteria","Bifidobacteriales","Bifidobacteriaceae","Scardovia",NA
"125","ASV_934",0.185022300903619,0.150346894271816,0.223880238174173,0.100670192920131,4.47317584431054,0.018971111756083,0.490000000033347,0.485531634111752,0.916005935881072,0.468565733811377,0.910891716759371,"Bacteria","Firmicutes","Clostridia","Clostridia_UCG-014","ASV_934","ASV_934",NA
"126","Prevotellaceae_YAB2003_group",0.158254344213978,0.200517251890792,0.107083270879182,-0.168481513289831,4.36795672705177,-0.0323571093766601,0.481903619336521,0.465494855704955,0.936438416276602,0.477878187419248,0.937834239368085,"Bacteria","Bacteroidota","Bacteroidia","Bacteroidales","Prevotellaceae","Prevotellaceae_YAB2003_group",NA
"127","ASV_976",0.131099302688474,0.153809714339873,0.104793793895153,-0.0447183155226867,4.38467719973475,-0.00801789631164853,0.495600000014668,0.489468820713421,0.944264533247131,0.525204192529019,0.940584424039439,"Bacteria","Campilobacterota","Campylobacteria","Campylobacterales","Rs-M59_termite_group","ASV_976",NA
"128","Mobiluncus",0.118276115165032,0.113963228737185,0.12079794318863,0.0833042635927388,4.42357101711108,0.0173914978681345,0.491701659695724,0.514088760568009,0.935098416686913,0.497771735279401,0.928398099199696,"Bacteria","Actinobacteriota","Actinobacteria","Actinomycetales","Actinomycetaceae","Mobiluncus",NA
"129","ASV_1004",0.193530902538646,0.189522130972003,0.2009790915069,0.0473412791592365,4.51218336054437,0.00900334870332876,0.494101179783705,0.507034251563757,0.932754432903353,0.51532013549418,0.926440061396737,"Bacteria","Patescibacteria","Saccharimonadia","Saccharimonadales","ASV_1004","ASV_1004",NA
"130","Desulfomicrobium",0.220051209354846,0.24145395726661,0.193006957327755,-0.0351934031148575,4.46389619678496,-0.00761832246073963,0.497600000008,0.533576747209814,0.940215241686948,0.529620456889492,0.936197372130747,"Bacteria","Desulfobacterota","Desulfovibrionia","Desulfovibrionales","Desulfomicrobiaceae","Desulfomicrobium",NA
"131","ASV_1095",0.164943143914364,0.145000905224923,0.180815795729773,0.0536528795228906,4.41336898051759,0.0100156102384689,0.495000000016668,0.500389138585073,0.937973673867688,0.50620154557768,0.938709993273568,"Bacteria","Firmicutes","Clostridia","Peptostreptococcales-Tissierellales","Anaerovoracaceae","ASV_1095",NA
"132","Johnsonella",0.353124390477468,0.347456281538978,0.356808980198839,0.0193788121584646,4.5988741982959,0.00432425864801559,0.498900219959673,0.50419632857413,0.945439625967941,0.516307372730435,0.941315517715684,"Bacteria","Firmicutes","Clostridia","Lachnospirales","Lachnospiraceae","Johnsonella",NA
"133","ASV_1202",0.1239871548021,0.138444540672393,0.111779265550311,-0.0149337909856868,4.43531629985534,-0.00341530908609893,0.497600000008,0.519587185716687,0.934727373062157,0.522398836443781,0.93636930054822,"Bacteria","Firmicutes","Clostridia","Clostridia_vadinBB60_group","ASV_1202","ASV_1202",NA
"134","ASV_1258",0.151138934005287,0.133047329809481,0.168522566578861,0.0518409820337231,4.51896730152754,0.00918326310217781,0.493301339754378,0.505270352177348,0.947500477679695,0.514073643682577,0.945936876012661,"Bacteria","Bacteroidota","Bacteroidia","ASV_1258","ASV_1258","ASV_1258",NA
"135","ASV_1343",0.12077239453817,0.147499692316313,0.0875676051335619,-0.0909796370348497,4.32776199099832,-0.016512917135411,0.488502299578422,0.500156690861764,0.942598998428744,0.488528547735955,0.936717462057117,"Bacteria","Firmicutes","Clostridia","Peptostreptococcales-Tissierellales","Anaerovoracaceae","ASV_1343",NA
"136","ASV_1456",0.138113134806116,0.164308448561079,0.107852240926579,-0.0643638783831193,4.3905339269885,-0.0116306008110845,0.49380000002067,0.487530082792268,0.94597456726306,0.478778716980088,0.94263731198422,"Bacteria","Proteobacteria","Alphaproteobacteria","Rickettsiales","Mitochondria","ASV_1456",NA
"137","ASV_1483",0.164188753787481,0.0911293195426683,0.231461324411232,0.163926827822246,4.35603562860203,0.0327198421466443,0.481000000063425,0.469995917854086,0.934549511833665,0.476292159432888,0.930944776696721,"Bacteria","Firmicutes","Clostridia","Clostridia_UCG-014","ASV_1483","ASV_1483",NA
"138","ASV_1494",0.141202985657698,0.157588076203539,0.130100703953768,-0.0598068364288427,4.46054378466748,-0.0122808841958565,0.494101179783705,0.480915265538593,0.931468230711717,0.517439743533248,0.929589168772988,"Bacteria","Firmicutes","Clostridia","Peptostreptococcales-Tissierellales","Anaerovoracaceae","ASV_1494",NA
"139","Desulfobulbus",0.147093183416493,0.126468036602512,0.170567369499315,0.102712386011381,4.41652728534309,0.0189647311350759,0.48860000003802,0.516142937056609,0.934925703812373,0.51324345218295,0.93149371351461,"Bacteria","Desulfobacterota","Desulfobulbia","Desulfobulbales","Desulfobulbaceae","Desulfobulbus",NA
"140","ASV_1604",0.149262697660938,0.12165622469465,0.184371819270051,0.0361063081553121,4.40315921618437,0.00674641669463025,0.496400000012001,0.472654046103375,0.94082905336635,0.500104980284384,0.936884701243609,"Bacteria","Firmicutes","Clostridia","Lachnospirales","Lachnospiraceae","ASV_1604",NA
"141","ASV_1770",0.161349580759397,0.170118832285938,0.152343521706939,-0.0212811928631336,4.30216854526792,-0.00390262443446498,0.497400000008667,0.502703746655096,0.946936072340359,0.525102154322368,0.93651118420806,"Bacteria","Firmicutes","Clostridia","Peptostreptococcales-Tissierellales","Anaerovoracaceae","ASV_1770",NA
