"Estimate","Std..Error","t.value","Pr...t.."
"mu.(Intercept)",-1.41162140310359,0.0932864908286585,-15.1321095966226,2.53728012539033e-36
"mu.visitWeek 72",0.13716840257091,0.122624799506008,1.11860246152076,0.264481790843532
"phi.(Intercept)",-1.48729438192826,0.0918902270038979,-16.1855556398307,8.54017979459175e-40
"Estimate","Std..Error","t.value","Pr...t.."
"mu.(Intercept)",-1.39160659812527,0.0716195368263083,-19.430544510504,2.43568613885405e-50
"mu.visitWeek 72",-0.18143564193066,0.0996019779820957,-1.82160681551199,0.0698192958641208
"phi.(Intercept)",-2.17658544555624,0.0918036931583714,-23.709127276627,1.4035674855315e-63
"Estimate","Std..Error","t.value","Pr...t.."
"mu.(Intercept)",-1.20886913412168,0.104329027828642,-11.5870832814355,9.78846777987371e-25
"mu.visitWeek 72",0.158631584992137,0.136987938728184,1.15799672923686,0.248071660429014
"phi.(Intercept)",-0.992763594791654,0.0888879649439035,-11.1687065331981,2.09568329370107e-23
"Estimate","Std..Error","t.value","Pr...t.."
"mu.(Intercept)",-2.28228284622646,0.0967709865429929,-23.5843709747911,3.31238426483211e-63
"mu.visitWeek 72",-0.0997197237951271,0.120872786528189,-0.82499731047295,0.410231660621775
"phi.(Intercept)",-2.06386101153691,0.103867547488871,-19.8701236472157,9.69444822027293e-52
"Estimate","Std..Error","t.value","Pr...t.."
"mu.(Intercept)",-5.06660185270901,0.306239898156716,-16.5445517818067,5.63765151652995e-41
"mu.visitWeek 72",1.02734886818859,0.241650178717917,4.25138882014994,3.09466883454535e-05
"phi.(Intercept)",-1.55303388095728,0.271226903394619,-5.72595808719501,3.21062596922525e-08
"Estimate","Std..Error","t.value","Pr...t.."
"mu.(Intercept)",-2.93721804500424,0.0798275950440863,-36.7945200326041,4.17727933157319e-98
"mu.visitWeek 72",-0.246633807592682,0.105309748344217,-2.34198458804147,0.0200396372615494
"phi.(Intercept)",-3.1414571771997,0.102098714831971,-30.7688219422717,2.62714586637417e-83
"Estimate","Std..Error","t.value","Pr...t.."
"mu.(Intercept)",-3.71022375035887,0.110371104028165,-33.6158977753097,1.61334287244951e-90
"mu.visitWeek 72",0.258622885337929,0.123592954714796,2.09253744224118,0.0374917840042208
"phi.(Intercept)",-3.03757860781725,0.117245997085733,-25.9077382880382,5.16887095853071e-70
"Estimate","Std..Error","t.value","Pr...t.."
"mu.(Intercept)",-3.64126429867615,0.104582025401515,-34.8173052175696,1.92512716492446e-93
"mu.visitWeek 72",0.10006196758421,0.120689189282815,0.829088074738252,0.407917916000414
"phi.(Intercept)",-3.12301459946392,0.114879121630209,-27.1852235214399,1.24780318047448e-73
"Estimate","Std..Error","t.value","Pr...t.."
"mu.(Intercept)",-3.46050551135871,0.121199269299333,-28.5521978091476,2.10802986815356e-77
"mu.visitWeek 72",-0.566016214787297,0.138558430978111,-4.0850362608156,6.09600707613256e-05
"phi.(Intercept)",-2.66653567024495,0.134432653262653,-19.8354760211055,1.24905206890061e-51
"Estimate","Std..Error","t.value","Pr...t.."
"mu.(Intercept)",-4.17291106404703,0.214875951542129,-19.4200934729956,2.6303115267876e-50
"mu.visitWeek 72",0.503087148982572,0.185881238706,2.70649772125891,0.00731180354514894
"phi.(Intercept)",-1.70394070450082,0.201509670456305,-8.45587559466682,3.27455868651845e-15
"Estimate","Std..Error","t.value","Pr...t.."
"mu.(Intercept)",-4.38927413160587,0.0768775555867884,-57.0943508557676,2.00175779100733e-137
"mu.visitWeek 72",-0.0955968414621958,0.100065729818199,-0.955340471067142,0.340412941239929
"phi.(Intercept)",-4.62768488989777,0.10551535166094,-43.8579298372452,2.11108037234059e-113
"Estimate","Std..Error","t.value","Pr...t.."
"mu.(Intercept)",-3.83263496482404,0.113936847605767,-33.6382394753043,1.42144482642725e-90
"mu.visitWeek 72",0.238221297603884,0.125481838377865,1.89845240302048,0.0588938293917841
"phi.(Intercept)",-3.07297802333178,0.119986483764312,-25.6110349009642,3.68372179612042e-69
"Estimate","Std..Error","t.value","Pr...t.."
"mu.(Intercept)",-3.78851529932022,0.127201822066695,-29.7834986776669,1.02804831604433e-80
"mu.visitWeek 72",0.0740248466099957,0.132965434006284,0.556722483277098,0.578260705598096
"phi.(Intercept)",-2.75590978156898,0.131021128970724,-21.0340866638752,2.09183932002264e-55
"Estimate","Std..Error","t.value","Pr...t.."
"mu.(Intercept)",-3.55511726208661,0.105876510675178,-33.5779602049172,2.00064508711996e-90
"mu.visitWeek 72",-0.44848120108251,0.129876950819369,-3.45312388574821,0.000659962198790097
"phi.(Intercept)",-3.0765424550553,0.123580546122238,-24.8950385120662,4.40814088954376e-67
"Estimate","Std..Error","t.value","Pr...t.."
"mu.(Intercept)",-5.90440465467402,0.221734106075707,-26.6283106337194,4.59310328591969e-72
"mu.visitWeek 72",1.08591052948036,0.194715329749678,5.57691338877314,6.87152613209652e-08
"phi.(Intercept)",-3.31528967019126,0.198950599065785,-16.6638838272361,2.28695667566987e-41
"Estimate","Std..Error","t.value","Pr...t.."
"mu.(Intercept)",-4.22530141874873,0.0738761130967082,-57.1944197066454,1.37599351259426e-137
"mu.visitWeek 72",-0.107792575623427,0.0977411934882015,-1.1028367035076,0.271255711545449
"phi.(Intercept)",-4.56555318153413,0.105863503618066,-43.1267908721946,6.55608151033431e-112
"Estimate","Std..Error","t.value","Pr...t.."
"mu.(Intercept)",-29.2311149632089,24916.6925844222,-0.00117315389529203,0.999064980153315
"mu.visitWeek 72",20.959268653236,24916.6925377623,0.000841173788273518,0.999329572805626
"phi.(Intercept)",-2.21417387634755,1.95576814079738,-1.13212493350301,0.258765974076945
"Estimate","Std..Error","t.value","Pr...t.."
"mu.(Intercept)",-5.84198945477842,0.234024221230197,-24.9631829734067,2.78793719215615e-67
"mu.visitWeek 72",0.248536903723552,0.202827952618988,1.22535824335036,0.221699056751578
"phi.(Intercept)",-3.41265639870862,0.233389843876306,-14.6221289754035,1.22263630011746e-34
"Estimate","Std..Error","t.value","Pr...t.."
"mu.(Intercept)",-4.56235862018767,0.117732003459872,-38.752068138743,1.50035330152187e-102
"mu.visitWeek 72",-0.172666217046375,0.134506166872986,-1.28370483718731,0.200542645126541
"phi.(Intercept)",-3.79791386170169,0.132655659436229,-28.6298668133903,1.29590742525998e-77
"Estimate","Std..Error","t.value","Pr...t.."
"mu.(Intercept)",-8.04529740248961,1.00903267610599,-7.97327737049866,7.30828706210012e-14
"mu.visitWeek 72",-0.281808189761135,0.763945930423863,-0.36888499373873,0.712554271916085
"phi.(Intercept)",-2.7622396120616,1.03287135175885,-2.67433074540972,0.0080275783457555
"Estimate","Std..Error","t.value","Pr...t.."
"mu.(Intercept)",-6.69569152922327,0.305002775012845,-21.9528872448498,2.96566568377546e-58
"mu.visitWeek 72",1.04314250833941,0.249606491301544,4.17914815796681,4.16469325591821e-05
"phi.(Intercept)",-3.39750987560488,0.274005620173382,-12.3994167472004,2.3702680028903e-27
"Estimate","Std..Error","t.value","Pr...t.."
"mu.(Intercept)",-5.59563154134965,0.118991099598442,-47.0256309945297,1.20067008473818e-119
"mu.visitWeek 72",-0.00504638938882438,0.133597961596976,-0.0377729519859576,0.969901617768311
"phi.(Intercept)",-4.79314927387307,0.133154993386351,-35.9967670154561,3.02629289951571e-96
"Estimate","Std..Error","t.value","Pr...t.."
"mu.(Intercept)",-6.1486538559798,0.205707390886106,-29.8902913964045,5.35260356905034e-81
"mu.visitWeek 72",0.324966202498617,0.183381885163169,1.77207362771666,0.077712022958282
"phi.(Intercept)",-3.9887616242018,0.204663072098351,-19.4894056035913,1.58005958453786e-50
"Estimate","Std..Error","t.value","Pr...t.."
"mu.(Intercept)",-6.52610433089045,0.417965212078011,-15.6139892562934,6.52479521144533e-38
"mu.visitWeek 72",0.355730745286243,0.32016242432204,1.1110946140526,0.267692836625938
"phi.(Intercept)",-2.80018524067254,0.408894925174637,-6.84817802391799,6.80988668845084e-11
"Estimate","Std..Error","t.value","Pr...t.."
"mu.(Intercept)",-6.19663159930642,0.182049278613373,-34.0382101291734,1.48680210820031e-91
"mu.visitWeek 72",-0.0200516786750951,0.181043816527368,-0.110755943283288,0.911906889376677
"phi.(Intercept)",-4.44215371241554,0.192092911883639,-23.1250266803513,7.9486788249073e-62
"Estimate","Std..Error","t.value","Pr...t.."
"mu.(Intercept)",-7.48696533186299,1.48668627765535,-5.03600890409148,9.62960289501918e-07
"mu.visitWeek 72",-21.6058846485867,28206.8856151292,-0.000765979092601347,0.99938950401029
"phi.(Intercept)",-1.77404503753981,1.5903223295739,-1.11552545326779,0.265794555688043
"Estimate","Std..Error","t.value","Pr...t.."
"mu.(Intercept)",-7.22910245634151,0.800882736062564,-9.02641813941758,7.42728362957298e-17
"mu.visitWeek 72",0.952300600828764,0.592170635695239,1.6081523524224,0.109179603674481
"phi.(Intercept)",-1.8157756011751,0.726866510226364,-2.49808675407211,0.0131894167809941
"Estimate","Std..Error","t.value","Pr...t.."
"mu.(Intercept)",-6.20134990827299,0.244211461726262,-25.3933614107929,1.56697089741876e-68
"mu.visitWeek 72",0.318046356013293,0.207215878537187,1.53485513879775,0.126199841147617
"phi.(Intercept)",-3.65880075223669,0.241508913174232,-15.1497545334781,2.21890102397119e-36
"Estimate","Std..Error","t.value","Pr...t.."
"mu.(Intercept)",-7.67412074997862,0.330776296155643,-23.2003346042899,4.7125675252137e-62
"mu.visitWeek 72",1.09166434651394,0.278611431085726,3.91823243669439,0.000117799816347725
"phi.(Intercept)",-4.24955338569634,0.293732473083386,-14.467427932253,3.95920159688478e-34
"Estimate","Std..Error","t.value","Pr...t.."
"mu.(Intercept)",-6.08946151380797,0.173964303465605,-35.004086427489,6.85739840911676e-94
"mu.visitWeek 72",-0.593738398236421,0.185499366070675,-3.20075702043212,0.0015649633446578
"phi.(Intercept)",-4.54986527114248,0.194344443212507,-23.4113473785685,1.09319191638642e-62
"Estimate","Std..Error","t.value","Pr...t.."
"mu.(Intercept)",-7.54036697744385,0.660619430825486,-11.4140859708315,3.48715437269118e-24
"mu.visitWeek 72",0.829917177918546,0.493859715296211,1.68047150276424,0.0942291175671973
"phi.(Intercept)",-2.67261457988693,0.613254448865095,-4.35808429084035,1.98174638136528e-05
"Estimate","Std..Error","t.value","Pr...t.."
"mu.(Intercept)",-6.94085605769642,0.2270214273176,-30.5735724583665,8.49540092145646e-83
"mu.visitWeek 72",0.500255444787366,0.203961356222303,2.45269718760903,0.0149263315939926
"phi.(Intercept)",-4.55068350992345,0.22161784652388,-20.5339217093832,7.73089138469439e-54
"Estimate","Std..Error","t.value","Pr...t.."
"mu.(Intercept)",-6.4845743156057,0.160799081472878,-40.3271850573317,5.22541059771354e-106
"mu.visitWeek 72",-0.152275661260399,0.169147475888796,-0.900253819693477,0.368930926437268
"phi.(Intercept)",-5.04258281968282,0.175159966626126,-28.788443597081,4.81019719218982e-78
"Estimate","Std..Error","t.value","Pr...t.."
"mu.(Intercept)",-7.50812583583382,1.2585719497339,-5.9655912698684,9.17593139076767e-09
"mu.visitWeek 72",0.41812847567357,0.913431048435472,0.457755926284465,0.64756182753542
"phi.(Intercept)",-1.3237777696733,1.2052598486486,-1.0983339162568,0.273212154672347
"Estimate","Std..Error","t.value","Pr...t.."
"mu.(Intercept)",-8.27466194576247,1.2749032054016,-6.49042367350225,5.23979485567586e-10
"mu.visitWeek 72",0.422000177609958,0.913130368396641,0.462146690347124,0.644414892100519
"phi.(Intercept)",-2.20782944110149,1.23603128643359,-1.78622456027945,0.0753858968194838
"Estimate","Std..Error","t.value","Pr...t.."
"mu.(Intercept)",-6.83542401161176,0.431841562601075,-15.8285459380994,1.28008975955942e-38
"mu.visitWeek 72",0.53418556273673,0.329381763021281,1.62178245036054,0.1062259064206
"phi.(Intercept)",-2.98097348283886,0.415298995264394,-7.17789717006433,9.7826413219152e-12
"Estimate","Std..Error","t.value","Pr...t.."
"mu.(Intercept)",-6.9498020015359,0.219439684974351,-31.6706707009182,1.23237718569058e-85
"mu.visitWeek 72",0.0248047907799796,0.205748681740382,0.120558686306816,0.904146302883522
"phi.(Intercept)",-4.78060124240426,0.227582670685531,-21.0059985147551,2.5600808815844e-55
"Estimate","Std..Error","t.value","Pr...t.."
"mu.(Intercept)",-6.36141615850079,0.968628008189877,-6.56745015084654,3.39686363420025e-10
"mu.visitWeek 72",-0.929772226772164,0.837417091078463,-1.11028570670174,0.268040402495159
"phi.(Intercept)",-1.07346794665134,0.996295432131044,-1.07745946837799,0.282408748065824
"Estimate","Std..Error","t.value","Pr...t.."
"mu.(Intercept)",-7.81121541846464,0.216098635365357,-36.1465282057809,1.34750531548078e-96
"mu.visitWeek 72",0.29311385692732,0.210496791644865,1.39248610221975,0.165125837046476
"phi.(Intercept)",-5.66001886866417,0.220796079483829,-25.6345985938519,3.15047279749151e-69
"Estimate","Std..Error","t.value","Pr...t.."
"mu.(Intercept)",-7.55620381776851,0.191004521591847,-39.560340010773,2.44823127791084e-104
"mu.visitWeek 72",-0.344078951130113,0.206216644691444,-1.66853142065689,0.096576919948929
"phi.(Intercept)",-5.82286794163492,0.213026917914668,-27.3339538431823,4.79510772941554e-74
"Estimate","Std..Error","t.value","Pr...t.."
"mu.(Intercept)",-7.1815664808032,0.279258598166567,-25.7165456245672,1.82994823194657e-69
"mu.visitWeek 72",-0.173122653579123,0.25388752690742,-0.681887195042284,0.495999356073261
"phi.(Intercept)",-4.55487817117999,0.292248782436672,-15.5856189825769,8.09330869401987e-38
"Estimate","Std..Error","t.value","Pr...t.."
"mu.(Intercept)",-7.41847822748377,1.06459545816393,-6.96835419557222,3.37911470279418e-11
"mu.visitWeek 72",0.288929521715085,0.764241597539276,0.378060449268121,0.705735892600396
"phi.(Intercept)",-1.69666778491171,1.03778574720687,-1.63489216293265,0.103445488561801
"Estimate","Std..Error","t.value","Pr...t.."
"mu.(Intercept)",-9.09248214030918,0.651082912489242,-13.9651678240894,1.78957955725995e-32
"mu.visitWeek 72",1.02622233764447,0.526295825398971,1.94989640449175,0.0524089901342477
"phi.(Intercept)",-4.29292986357697,0.585055900471159,-7.33764048891701,3.74687852730008e-12
"Estimate","Std..Error","t.value","Pr...t.."
"mu.(Intercept)",-6.9045112417368,0.602653112753371,-11.4568581753304,2.54829976058021e-24
"mu.visitWeek 72",-1.59296449264894,0.636390849049571,-2.50312287649639,0.0130082430497994
"phi.(Intercept)",-2.96306931089659,0.645984777311988,-4.5869026871287,7.40764185422682e-06
"Estimate","Std..Error","t.value","Pr...t.."
"mu.(Intercept)",-7.37243556083811,0.482465185464937,-15.2807617688176,8.20017644515653e-37
"mu.visitWeek 72",-0.951559574823232,0.449161895405813,-2.11852248500178,0.0352083047689729
"phi.(Intercept)",-3.80195753650113,0.516713276150689,-7.35796371408187,3.3132757972733e-12
"Estimate","Std..Error","t.value","Pr...t.."
"mu.(Intercept)",-7.94354027739371,0.613986724783067,-12.9376417384273,4.20011550444341e-29
"mu.visitWeek 72",-0.533339825694201,0.51646874827181,-1.0326662116127,0.302849483973715
"phi.(Intercept)",-3.78637561242876,0.643910391872475,-5.8802834372933,1.43895705140823e-08
"Estimate","Std..Error","t.value","Pr...t.."
"mu.(Intercept)",-9.43295911190985,0.785849641398858,-12.0035164680086,4.51288583370313e-26
"mu.visitWeek 72",1.46056417648223,0.645587173382305,2.26238103342445,0.0246119280552979
"phi.(Intercept)",-4.06617420316907,0.651137713020725,-6.2447223096716,2.04196572311839e-09
"Estimate","Std..Error","t.value","Pr...t.."
"mu.(Intercept)",-8.86423756299285,0.477341363334637,-18.5700176935612,1.41262275964826e-47
"mu.visitWeek 72",1.34599331308339,0.402537551562986,3.34377080562329,0.000965433779410089
"phi.(Intercept)",-4.60425299582257,0.403017611128395,-11.4244461499617,3.23212565882745e-24
"Estimate","Std..Error","t.value","Pr...t.."
"mu.(Intercept)",-7.72007526950601,0.560379183122891,-13.7765204383279,7.47232307439252e-32
"mu.visitWeek 72",-0.561850551504305,0.475662774150741,-1.18119512822387,0.238750489655943
"phi.(Intercept)",-3.75357512041039,0.588740221235777,-6.37560503770502,9.93638848329088e-10
"Estimate","Std..Error","t.value","Pr...t.."
"mu.(Intercept)",-8.64833149115224,0.971829918545184,-8.89901754012541,1.74732496747117e-16
"mu.visitWeek 72",-0.289525593265444,0.763852649185507,-0.379033303837021,0.70501433495039
"phi.(Intercept)",-3.48505647864506,1.00155720181546,-3.47963798006535,0.000600953230596304
"Estimate","Std..Error","t.value","Pr...t.."
"mu.(Intercept)",-9.99766512293455,0.598226948765456,-16.7121610679132,1.58787141166808e-41
"mu.visitWeek 72",1.99758261772132,0.53860770887476,3.70878950450709,0.000261353564444593
"phi.(Intercept)",-5.14132915368537,0.423009302831569,-12.1541751428869,1.47389469669827e-26
"Estimate","Std..Error","t.value","Pr...t.."
"mu.(Intercept)",-9.78086416235213,0.501677307436393,-19.4963256606782,1.50171186788309e-50
"mu.visitWeek 72",1.72608070368488,0.449941532150995,3.83623333332481,0.000161582994946052
"phi.(Intercept)",-5.39367218886444,0.382312293926982,-14.108027062019,6.05765145683687e-33
"Estimate","Std..Error","t.value","Pr...t.."
"mu.(Intercept)",-7.09020185334952,0.275772089461132,-25.7103678156988,1.90639454419281e-69
"mu.visitWeek 72",-0.59192463964043,0.263688634531933,-2.24478632039315,0.0257374283029691
"phi.(Intercept)",-4.59372226652229,0.29717773330146,-15.4578279317528,2.13613693232559e-37
"Estimate","Std..Error","t.value","Pr...t.."
"mu.(Intercept)",-9.22852486653858,1.44985600149636,-6.36513202484525,1.05297208249002e-09
"mu.visitWeek 72",1.41608193909436,1.11820509899266,1.26638837577296,0.206660706226664
"phi.(Intercept)",-2.50469320654216,1.22783565953558,-2.03992544693607,0.0425055770812166
"Estimate","Std..Error","t.value","Pr...t.."
"mu.(Intercept)",-9.42769915761414,0.703405516917758,-13.4029360459458,1.26021467851978e-30
"mu.visitWeek 72",1.16716025705622,0.577407115067098,2.02138184064564,0.0444038198298764
"phi.(Intercept)",-4.42927937777968,0.615080140658321,-7.20114190817317,8.5142565001042e-12
"Estimate","Std..Error","t.value","Pr...t.."
"mu.(Intercept)",-7.8262776653212,0.440421441270895,-17.7699742381693,5.53589546057062e-45
"mu.visitWeek 72",0.560630292976043,0.352905227109079,1.58861430749723,0.113527170559125
"phi.(Intercept)",-3.9872039379526,0.423714437388706,-9.41012055790497,5.46692034761133e-18
"Estimate","Std..Error","t.value","Pr...t.."
"mu.(Intercept)",-9.30069950733307,0.77202097687997,-12.0472108736225,3.26315460388227e-26
"mu.visitWeek 72",0.0247324862877125,0.632483919606178,0.0391037392746877,0.968841748455765
"phi.(Intercept)",-4.54276916764623,0.785436325463599,-5.78375231749676,2.38129903740941e-08
"Estimate","Std..Error","t.value","Pr...t.."
"mu.(Intercept)",-7.66991728833664,0.238744706649838,-32.1260202831887,8.52571472873227e-87
"mu.visitWeek 72",0.142630128218891,0.22531479929871,0.633026009222767,0.527348293964309
"phi.(Intercept)",-5.31741936682748,0.245381939290117,-21.6699704232945,2.21187079282893e-57
"Estimate","Std..Error","t.value","Pr...t.."
"mu.(Intercept)",-7.73425736884673,0.265381621829729,-29.1439072363839,5.27535205336145e-79
"mu.visitWeek 72",-0.20575636827997,0.25192823228052,-0.816726122425462,0.414933777725419
"phi.(Intercept)",-5.24555237345837,0.281107926138641,-18.660279151543,7.22516880285505e-48
"Estimate","Std..Error","t.value","Pr...t.."
"mu.(Intercept)",-8.77563415855536,0.488803324151125,-17.9533029440736,1.40318865166373e-45
"mu.visitWeek 72",0.108410121788579,0.417327392222652,0.259772360522983,0.795272768554383
"phi.(Intercept)",-4.93344543685589,0.496194486520926,-9.94256399632088,1.35924445908898e-19
"Estimate","Std..Error","t.value","Pr...t.."
"mu.(Intercept)",-8.43041294340419,0.272428673050123,-30.945395170842,9.12518784612453e-84
"mu.visitWeek 72",0.00578355190008675,0.26620538039484,0.0217259016008937,0.982685520642105
"phi.(Intercept)",-5.87799590286921,0.286505996827701,-20.516135675876,8.79412244540884e-54
"Estimate","Std..Error","t.value","Pr...t.."
"mu.(Intercept)",-7.54090108492488,0.257339136976823,-29.3033588808687,1.96721509639794e-79
"mu.visitWeek 72",-0.739928646855059,0.269957129281017,-2.74091167299685,0.00661029972264221
"phi.(Intercept)",-5.24223305818875,0.285311797320759,-18.3736989056054,6.08621515711317e-47
"Estimate","Std..Error","t.value","Pr...t.."
"mu.(Intercept)",-8.45558428909096,0.356783248315143,-23.6994991469505,1.49962616387412e-63
"mu.visitWeek 72",0.0857311519833113,0.319998485118403,0.267911118240418,0.789008893486222
"phi.(Intercept)",-5.28182807253042,0.365518364535445,-14.4502399468857,4.51122472643914e-34
"Estimate","Std..Error","t.value","Pr...t.."
"mu.(Intercept)",-8.15851422413743,0.754760999235542,-10.8094008996235,2.83839566785808e-22
"mu.visitWeek 72",0.00504795071216508,0.577468046563135,0.00874152386821835,0.993032972337009
"phi.(Intercept)",-3.4002813873256,0.763015458698946,-4.4563728671023,1.30468478379224e-05
"Estimate","Std..Error","t.value","Pr...t.."
"mu.(Intercept)",-8.06022083350706,0.311709603407257,-25.8581087826677,7.17337341575545e-70
"mu.visitWeek 72",-0.231821379808293,0.292864615470144,-0.791565001583219,0.429433484973802
"phi.(Intercept)",-5.25098355043566,0.329855944296022,-15.9190205337736,6.44344616984799e-39
"Estimate","Std..Error","t.value","Pr...t.."
"mu.(Intercept)",-29.4082638550681,14717.4620403794,-0.00199818853103765,0.998407416858832
"mu.visitWeek 72",21.0328686030734,14717.4620194127,0.00142910975923229,0.998860979923989
"phi.(Intercept)",-3.66571365379611,1.06387296154217,-3.44563099759801,0.000677596002631525
"Estimate","Std..Error","t.value","Pr...t.."
"mu.(Intercept)",-9.11212794015402,0.625032755170864,-14.578640662861,1.70124903748565e-34
"mu.visitWeek 72",-1.12829653919409,0.66665975853354,-1.69246234642394,0.0919179037524867
"phi.(Intercept)",-5.09279327351373,0.686224413885137,-7.42146908571833,2.25321838475681e-12
"Estimate","Std..Error","t.value","Pr...t.."
"mu.(Intercept)",-9.65361462741277,0.954398541335318,-10.1148673319494,4.04408371148671e-20
"mu.visitWeek 72",1.55671365873834,0.781818365628296,1.99114490932599,0.0476533752002562
"phi.(Intercept)",-3.83844353561908,0.776175536875941,-4.94532918554556,1.47046562251079e-06
"Estimate","Std..Error","t.value","Pr...t.."
"mu.(Intercept)",-9.4667704799206,1.2087021736445,-7.83217792301658,1.77899140754312e-13
"mu.visitWeek 72",0.41676710992883,0.912942381043543,0.456509762918929,0.648456133595294
"phi.(Intercept)",-3.61846988550666,1.17971864539419,-3.06723124164711,0.00242048058497222
"Estimate","Std..Error","t.value","Pr...t.."
"mu.(Intercept)",-7.37175936086931,0.25269662632172,-29.1723695253612,4.42264759661575e-79
"mu.visitWeek 72",-0.297995118349368,0.241892441742904,-1.23193232579831,0.219237829800224
"phi.(Intercept)",-4.9995542106266,0.269410144734803,-18.5574088739233,1.55140440251861e-47
"Estimate","Std..Error","t.value","Pr...t.."
"mu.(Intercept)",-7.42418926565005,0.394198069945037,-18.8336519929821,1.99709621965687e-48
"mu.visitWeek 72",-0.664687990720644,0.358804283513,-1.85250851582033,0.0652396163616304
"phi.(Intercept)",-4.20895161857895,0.420494393437165,-10.0095308861898,8.49332426386424e-20
"Estimate","Std..Error","t.value","Pr...t.."
"mu.(Intercept)",-8.86096610684872,0.370899022772047,-23.8905080973875,4.04161827460261e-64
"mu.visitWeek 72",0.52996432491617,0.328773819601618,1.61194198965824,0.108351887358972
"phi.(Intercept)",-5.48233198985735,0.359744977929296,-15.2394955488019,1.12200059242528e-36
"Estimate","Std..Error","t.value","Pr...t.."
"mu.(Intercept)",-9.87614835432705,0.75649579840227,-13.0551265125142,1.73547035830534e-29
"mu.visitWeek 72",0.588121307697283,0.626787630329204,0.938310329111611,0.349073532465732
"phi.(Intercept)",-4.98783705512241,0.725004770092165,-6.87972998369147,5.66961867181965e-11
"Estimate","Std..Error","t.value","Pr...t.."
"mu.(Intercept)",-7.83898471242166,0.394775880439611,-19.8567974915094,1.0686788341468e-51
"mu.visitWeek 72",-0.472468570665394,0.35613007274192,-1.32667417561162,0.18593791621095
"phi.(Intercept)",-4.58452082232691,0.418703346520665,-10.9493293053979,1.03186275513809e-22
"Estimate","Std..Error","t.value","Pr...t.."
"mu.(Intercept)",-7.99187919284152,0.304905334492547,-26.2110179414945,7.02384325529954e-71
"mu.visitWeek 72",0.127320864031531,0.274543425779829,0.463754918442797,0.643263846749908
"phi.(Intercept)",-5.11993799827624,0.311004241818879,-16.4625986074427,1.04799485431619e-40
"Estimate","Std..Error","t.value","Pr...t.."
"mu.(Intercept)",-8.88837314391257,0.361758987485137,-24.5698751140986,3.95515938779105e-66
"mu.visitWeek 72",-0.185771140478204,0.349207742011692,-0.531978871396224,0.595256344243344
"phi.(Intercept)",-5.79260649586376,0.383985503852611,-15.0854822323897,3.61615530588315e-36
"Estimate","Std..Error","t.value","Pr...t.."
"mu.(Intercept)",-9.12266209796298,1.10650025888957,-8.2446090949116,1.29000142646756e-14
"mu.visitWeek 72",0.944134516181814,0.836780378703587,1.12829428152289,0.26037633560397
"phi.(Intercept)",-3.20670885459811,1.01218324192634,-3.1681109919339,0.00174336765257184
"Estimate","Std..Error","t.value","Pr...t.."
"mu.(Intercept)",-8.91617785652253,0.379951368014024,-23.4666291718508,7.46178024065402e-63
"mu.visitWeek 72",-0.643832636062217,0.394169681389748,-1.63338954379296,0.103761191625318
"phi.(Intercept)",-5.83233385239403,0.418743164487157,-13.9281887969133,2.36849721717052e-32
"Estimate","Std..Error","t.value","Pr...t.."
"mu.(Intercept)",-10.817098692853,0.739662791221376,-14.6243650772147,1.20204284280075e-34
"mu.visitWeek 72",1.2663507315021,0.65829264907745,1.92368961323934,0.0556332433172162
"phi.(Intercept)",-5.82944512509525,0.623191582678184,-9.35417821281064,8.02067131444495e-18
"Estimate","Std..Error","t.value","Pr...t.."
"mu.(Intercept)",-9.71134289137995,0.658904509724178,-14.7386195542131,5.0458943446575e-35
"mu.visitWeek 72",0.0112576227399402,0.57731522798603,0.0194999580718016,0.984459249890787
"phi.(Intercept)",-5.31636512952068,0.676727577324564,-7.85599007290184,1.5319144322868e-13
"Estimate","Std..Error","t.value","Pr...t.."
"mu.(Intercept)",-8.4500465607487,0.774666178578638,-10.9079843607641,1.39201790653984e-22
"mu.visitWeek 72",-2.10770018628878,1.0606968353336,-1.98709010537011,0.0481040802338901
"phi.(Intercept)",-4.10273480352416,0.849054508191329,-4.83212180601205,2.47457173348794e-06
"Estimate","Std..Error","t.value","Pr...t.."
"mu.(Intercept)",-10.0635942575772,0.461719035402752,-21.7959267128738,9.0315265258939e-58
"mu.visitWeek 72",0.423600313577714,0.433438492731939,0.977302017889053,0.329450937213729
"phi.(Intercept)",-6.34939908864214,0.45811121262919,-13.8599512817023,3.97213698545368e-32
"Estimate","Std..Error","t.value","Pr...t.."
"mu.(Intercept)",-8.60967194129343,1.53052206344253,-5.62531710384371,5.37529895518594e-08
"mu.visitWeek 72",-0.688877970991753,1.22488055515289,-0.56240420185768,0.574390769624654
"phi.(Intercept)",-2.59935457495046,1.59201569980894,-1.63274430978439,0.103896992791621
"Estimate","Std..Error","t.value","Pr...t.."
"mu.(Intercept)",-10.2653832152954,1.01763596313523,-10.087480776199,4.90595408685787e-20
"mu.visitWeek 72",-0.392558550129342,0.912882981022433,-0.430020668902902,0.667584986563252
"phi.(Intercept)",-5.10435087410763,1.0742317335183,-4.75162920144799,3.56327873663967e-06
"Estimate","Std..Error","t.value","Pr...t.."
"mu.(Intercept)",-9.92584773239076,1.05353033420879,-9.42151109473765,5.05587747901501e-18
"mu.visitWeek 72",-0.39996300276511,0.912890400870459,-0.438128172214033,0.66170636740674
"phi.(Intercept)",-4.68099062359211,1.10614543697822,-4.23180394467811,3.3554113939193e-05
"Estimate","Std..Error","t.value","Pr...t.."
"mu.(Intercept)",-7.72050636628775,1.16672413788598,-6.61725091269366,2.56222853930923e-10
"mu.visitWeek 72",-1.39739738680231,1.11821299175036,-1.24967014076177,0.212695751208303
"phi.(Intercept)",-2.38437833507931,1.23390903918551,-1.93237771939269,0.0545463792817596
"Estimate","Std..Error","t.value","Pr...t.."
"mu.(Intercept)",-9.24454740503063,0.637519416730219,-14.5008091713427,3.07261260556097e-34
"mu.visitWeek 72",-0.707327108483292,0.612353188870743,-1.15509663595889,0.24925470765204
"phi.(Intercept)",-5.10020361797815,0.68705248056175,-7.42331009970025,2.22810856857783e-12
"Estimate","Std..Error","t.value","Pr...t.."
"mu.(Intercept)",-9.2190715320855,0.638924119803929,-14.4290554172765,5.29857013550576e-34
"mu.visitWeek 72",-1.53067749388272,0.78172873005308,-1.95806733849834,0.0514364488457326
"phi.(Intercept)",-5.22089648343272,0.711580150409478,-7.33704626306448,3.76036510899037e-12
"Estimate","Std..Error","t.value","Pr...t.."
"mu.(Intercept)",-30.2407865887019,44001.9245001236,-0.00068726054444771,0.999452243777463
"mu.visitWeek 72",22.0988081526734,44001.9244736337,0.000502223673555805,0.999599720725053
"phi.(Intercept)",-2.06571715899843,1.95411332812948,-1.05711226122989,0.291574230443658
"Estimate","Std..Error","t.value","Pr...t.."
"mu.(Intercept)",-11.3133352427545,1.67674224844974,-6.74721189450224,1.21977367686721e-10
"mu.visitWeek 72",0.0139859796752777,1.41423435120401,0.00988943569597974,0.992118110475429
"phi.(Intercept)",-5.026875388562,1.71309965179307,-2.9343741815022,0.00368220974830775
"Estimate","Std..Error","t.value","Pr...t.."
"mu.(Intercept)",-9.25494172613363,1.68850042704207,-5.48116042964023,1.11201198072607e-07
"mu.visitWeek 72",0.70302637211827,1.22488931125282,0.573950940431683,0.566564291272386
"phi.(Intercept)",-2.53911208395822,1.59309992421331,-1.59381847012017,0.112355954816592
"Estimate","Std..Error","t.value","Pr...t.."
"mu.(Intercept)",-12.3297618303135,1.17949176997512,-10.4534530415363,3.65488623161368e-21
"mu.visitWeek 72",1.6601460604192,1.09549794625398,1.51542599061552,0.131043639682159
"phi.(Intercept)",-6.37759101643062,0.881168892403378,-7.23764884508781,6.84217069687949e-12
"Estimate","Std..Error","t.value","Pr...t.."
"mu.(Intercept)",-11.8808129478178,1.40465243564963,-8.45818698368834,3.22549550568591e-15
"mu.visitWeek 72",0.715992571361895,1.22476794679204,0.584594472150624,0.559395920306096
"phi.(Intercept)",-5.76563912565995,1.31720834966052,-4.37716563757427,1.82829097090282e-05
"Estimate","Std..Error","t.value","Pr...t.."
"mu.(Intercept)",-10.638953314175,1.00232044000687,-10.6143234134806,1.15554251363999e-21
"mu.visitWeek 72",0.955575524087557,0.836698418099898,1.14207879854443,0.254614008278218
"phi.(Intercept)",-5.05374598168071,0.906091811041276,-5.57752086499157,6.85044432218112e-08
"Estimate","Std..Error","t.value","Pr...t.."
"mu.(Intercept)",-10.5327283115462,1.05548054155175,-9.97908336240972,1.05194524420153e-19
"mu.visitWeek 72",0.723318960565522,0.866058359402926,0.835185011162746,0.404484038554192
"phi.(Intercept)",-4.91803957441849,0.992026743755265,-4.95756753069126,1.38926896198337e-06
"Estimate","Std..Error","t.value","Pr...t.."
"mu.(Intercept)",-31.1349151500826,19392.6580315499,-0.00160550013821876,0.998720394487686
"mu.visitWeek 72",22.0195980692843,19392.6580246995,0.00113546054600865,0.999095022259763
"phi.(Intercept)",-5.11652526961141,0.784086413499702,-6.52546094603814,4.30395899128964e-10
"Estimate","Std..Error","t.value","Pr...t.."
"mu.(Intercept)",-10.5434518882185,1.19190167762357,-8.84590741514866,2.49195980276919e-16
"mu.visitWeek 72",0.0110616237056239,1.00001684236456,0.0110614374048625,0.991184060249796
"phi.(Intercept)",-4.93935319779668,1.21806020397713,-4.05509775433843,6.87183374263978e-05
"Estimate","Std..Error","t.value","Pr...t.."
"mu.(Intercept)",-11.3914883191702,1.36933987288418,-8.3189634251844,7.97812501069597e-15
"mu.visitWeek 72",1.12921829870144,1.15473610691284,0.977901610542323,0.329154917272059
"phi.(Intercept)",-5.12335453636991,1.19626078893264,-4.28280738094009,2.71641389348827e-05
"Estimate","Std..Error","t.value","Pr...t.."
"mu.(Intercept)",-10.8752271171503,1.02312079855241,-10.6294653891675,1.03654090495987e-21
"mu.visitWeek 72",0.724758967632673,0.866051363588963,0.836854484737756,0.403546812478052
"phi.(Intercept)",-5.35763774777388,0.960372485358059,-5.578708084058,6.809425058806e-08
"Estimate","Std..Error","t.value","Pr...t.."
"mu.(Intercept)",-9.43049967201381,1.31023823764367,-7.19754576005476,8.69930748286581e-12
"mu.visitWeek 72",0.0124399465281345,1.00007110662282,0.0124390620284426,0.990086150371652
"phi.(Intercept)",-3.57074616516385,1.3246017896134,-2.69571292532077,0.00754509281754185
"Estimate","Std..Error","t.value","Pr...t.."
"mu.(Intercept)",-31.7530290550178,27355.5028935273,-0.00116075471829586,0.999074862464035
"mu.visitWeek 72",21.5644031754871,27355.5028777303,0.000788302202736778,0.999371712184701
"phi.(Intercept)",-5.02743551130395,1.3908018704199,-3.61477477002967,0.000369622330393572
"Estimate","Std..Error","t.value","Pr...t.."
"mu.(Intercept)",-9.83245617012565,1.15393503318766,-8.52080566699171,2.14110676824913e-15
"mu.visitWeek 72",-1.10071780059334,1.15472034471062,-0.953233227105896,0.341476993718461
"phi.(Intercept)",-4.56499686132932,1.2474073840042,-3.65958781378671,0.000313604063441651
"Estimate","Std..Error","t.value","Pr...t.."
"mu.(Intercept)",-31.9279824264858,30983.9117421677,-0.00103046970609051,0.999178701378241
"mu.visitWeek 72",21.4002375824593,30983.9117202092,0.000690688695982212,0.999449511493395
"phi.(Intercept)",-4.93344099818669,1.72497379953507,-2.86000923580196,0.00462768830401674
"Estimate","Std..Error","t.value","Pr...t.."
"mu.(Intercept)",-8.99796769193499,0.580199816412533,-15.5083945864907,1.4548809890932e-37
"mu.visitWeek 72",-1.75996298227428,0.76872215573617,-2.28946566602968,0.0229632611976329
"phi.(Intercept)",-5.21891064377153,0.65078263714562,-8.01943743714805,5.45274273513813e-14
"Estimate","Std..Error","t.value","Pr...t.."
"mu.(Intercept)",-10.524804041311,0.804924632853854,-13.0755149137322,1.48852467328453e-29
"mu.visitWeek 72",0.891749479793194,0.690081817925375,1.29223732118331,0.197577441856487
"phi.(Intercept)",-5.44199608438773,0.734635572893797,-7.40774920951786,2.44935289309076e-12
"Estimate","Std..Error","t.value","Pr...t.."
"mu.(Intercept)",-32.4161774523054,29514.1363817316,-0.00109832715526686,0.999124618072984
"mu.visitWeek 72",21.7197263258304,29514.1363705718,0.000735909262365777,0.999413470078752
"phi.(Intercept)",-5.69006945344432,1.31963114147194,-4.31186357658816,2.40630844507897e-05
"Estimate","Std..Error","t.value","Pr...t.."
"mu.(Intercept)",-8.24538584950978,1.82533170596694,-4.51719861248009,1.00373989151793e-05
"mu.visitWeek 72",-21.5254593207192,33288.5366477184,-0.000646632789795359,0.999484624658899
"phi.(Intercept)",-2.17676128132347,1.96081492767748,-1.11013092087267,0.268106945387867
"Estimate","Std..Error","t.value","Pr...t.."
"mu.(Intercept)",-10.0496561389054,1.87077489740288,-5.37192163143572,1.91186239453443e-07
"mu.visitWeek 72",0.0111437882924201,1.41427194798389,0.00787952296466466,0.993719975263725
"phi.(Intercept)",-3.47366217804276,1.89068176769563,-1.83725375544108,0.067468240533145
"Estimate","Std..Error","t.value","Pr...t.."
"mu.(Intercept)",-10.4782290525382,1.58414928412658,-6.61442021754619,2.60372072431427e-10
"mu.visitWeek 72",0.706747589487591,1.2247875821794,0.577036867266402,0.564481374643637
"phi.(Intercept)",-3.99392003620115,1.4948504537636,-2.67178568006292,0.00808682153978481
"Estimate","Std..Error","t.value","Pr...t.."
"mu.(Intercept)",-11.2098666634789,1.49679652884323,-7.48923881600805,1.49000335281462e-12
"mu.visitWeek 72",0.714187376285921,1.22477390494473,0.583117727608795,0.560387848993744
"phi.(Intercept)",-4.89580465287475,1.40777127338614,-3.47769893123248,0.00060509534129553
"Estimate","Std..Error","t.value","Pr...t.."
"mu.(Intercept)",-10.2180478117368,0.613032157223653,-16.6680453730406,2.21614487333431e-41
"mu.visitWeek 72",0.843803825281961,0.539322418626249,1.56456285913588,0.119066263280486
"phi.(Intercept)",-5.7312371141563,0.563645076541334,-10.1681667288298,2.77518475837351e-20
"Estimate","Std..Error","t.value","Pr...t.."
"mu.(Intercept)",-11.8562315065509,1.22006139840202,-9.71773348626519,6.53251472015429e-19
"mu.visitWeek 72",1.64834046861858,1.09547296180508,1.50468384532513,0.133783343723434
"phi.(Intercept)",-5.73306566162964,0.931083617743549,-6.15741223707011,3.28344055584083e-09
"Estimate","Std..Error","t.value","Pr...t.."
"mu.(Intercept)",-10.6428272526086,1.04242193795368,-10.2097115046341,2.06830176523209e-20
"mu.visitWeek 72",0.71469998670686,0.866042325800929,0.825248334191859,0.4100894553972
"phi.(Intercept)",-5.06821114817959,0.979756751055432,-5.17292801781658,5.02789663990066e-07
"Estimate","Std..Error","t.value","Pr...t.."
"mu.(Intercept)",-9.08981096599242,1.7603214403229,-5.16372223718701,5.25453983085037e-07
"mu.visitWeek 72",-22.0839660600774,44081.1676469782,-0.000500984144452245,0.99960070864696
"phi.(Intercept)",-3.16483484542024,1.91436390767366,-1.65320440525133,0.0996594907648725
"Estimate","Std..Error","t.value","Pr...t.."
"mu.(Intercept)",-12.1382662720172,1.52318356584601,-7.96901079041998,7.50849519518926e-14
"mu.visitWeek 72",0.0171347504008461,1.41423149046078,0.0121159446076705,0.990343659980346
"phi.(Intercept)",-6.11234790502261,1.57833262397619,-3.8726614480186,0.00014050750649155
"Estimate","Std..Error","t.value","Pr...t.."
"mu.(Intercept)",-9.59331672329457,1.13003366449824,-8.48940790410363,2.62996494075184e-15
"mu.visitWeek 72",0.722847599540036,0.86610288362129,0.834597844216515,0.404813979608304
"phi.(Intercept)",-3.76522440703517,1.06472558143851,-3.53633318544682,0.000490959786579611
"Estimate","Std..Error","t.value","Pr...t.."
"mu.(Intercept)",-11.09371607081,0.681289897691898,-16.2834002212476,4.06950483645201e-40
"mu.visitWeek 72",-0.910367807803567,0.836606152222658,-1.08816771832832,0.277664979627056
"phi.(Intercept)",-6.95750722660149,0.78625891567384,-8.84887546316568,2.44307474991375e-16
"Estimate","Std..Error","t.value","Pr...t.."
"mu.(Intercept)",-11.0852608960813,1.04897388686721,-10.5677186390099,1.61406802412433e-21
"mu.visitWeek 72",0.422388311406843,0.912875074907459,0.462701111047052,0.644017983509174
"phi.(Intercept)",-5.64266256487813,1.02850720029135,-5.48626452326216,1.08400321559374e-07
"Estimate","Std..Error","t.value","Pr...t.."
"mu.(Intercept)",-8.19668748947957,0.649426252858345,-12.621429228343,4.50605994452972e-28
"mu.visitWeek 72",-0.618949471256065,0.557836815522628,-1.10955292664967,0.26835552781725
"phi.(Intercept)",-3.95535166995727,0.684914822160783,-5.7749541139712,2.49246174665718e-08
"Estimate","Std..Error","t.value","Pr...t.."
"mu.(Intercept)",-11.0544639936636,0.836064938265507,-13.2220160034424,4.93586066046138e-30
"mu.visitWeek 72",0.311699334998995,0.763754355261907,0.408114641640383,0.68357083359229
"phi.(Intercept)",-6.14583930102437,0.836245004472626,-7.34932856776851,3.49110093228239e-12
"Estimate","Std..Error","t.value","Pr...t.."
"mu.(Intercept)",-10.1124973843644,0.972428982481808,-10.3992143041187,5.38153773694683e-21
"mu.visitWeek 72",0.00888312364932762,0.816508704365534,0.0108793985928542,0.99132913896023
"phi.(Intercept)",-4.91596572106858,0.993975769705737,-4.94576011900566,1.46753010203699e-06
"Estimate","Std..Error","t.value","Pr...t.."
"mu.(Intercept)",-8.93290677275559,1.18444721179364,-7.54183612727513,1.07929151697407e-12
"mu.visitWeek 72",-22.0312217892537,30158.5420560298,-0.000730513489290137,0.999417770584197
"phi.(Intercept)",-3.8230372006456,1.30355510182021,-2.93277759820612,0.00370049768903941
"Estimate","Std..Error","t.value","Pr...t.."
"mu.(Intercept)",-11.7386855117545,1.33293300748163,-8.80665828354937,3.23739688832353e-16
"mu.visitWeek 72",1.12718637762877,1.15472776945595,0.976149017495126,0.330020663258885
"phi.(Intercept)",-5.57620406709222,1.16034972148862,-4.80562365278846,2.79156431240415e-06
"Estimate","Std..Error","t.value","Pr...t.."
"mu.(Intercept)",-31.9829405575025,32318.1546337524,-0.000989627685118511,0.999211253023486
"mu.visitWeek 72",21.4851392028188,32318.1546126335,0.000664800928776422,0.999470144401161
"phi.(Intercept)",-4.89634479207196,1.72368497490449,-2.84062625326491,0.0049080788429584
"Estimate","Std..Error","t.value","Pr...t.."
"mu.(Intercept)",-9.90301136829535,0.77507449579834,-12.7768510278423,1.40531604739009e-28
"mu.visitWeek 72",0.430051721947995,0.645499864973459,0.666230537423393,0.505934357123538
"phi.(Intercept)",-5.02407510197124,0.758210209880562,-6.62622981925114,2.43487034450693e-10
"Estimate","Std..Error","t.value","Pr...t.."
"mu.(Intercept)",-11.3763169901868,1.4757049375486,-7.70907293234705,3.83853967787085e-13
"mu.visitWeek 72",0.713402347884665,1.22476981591701,0.58247871445993,0.560817339592196
"phi.(Intercept)",-5.10739154669204,1.38755491248006,-3.68085724085924,0.000289911436612728
"Estimate","Std..Error","t.value","Pr...t.."
"mu.(Intercept)",-11.6569533827822,1.34078541768054,-8.69412303345891,6.83505373354517e-16
"mu.visitWeek 72",1.12748355245615,1.15472926539124,0.976405107455333,0.329894067430482
"phi.(Intercept)",-5.46869119077495,1.16725118590915,-4.68510227857727,4.79979278645807e-06
"Estimate","Std..Error","t.value","Pr...t.."
"mu.(Intercept)",-31.4644977339444,30998.5646058733,-0.00101503079687705,0.999191006398346
"mu.visitWeek 72",21.813107103225,30998.5645887149,0.000703681199198693,0.999439156289148
"phi.(Intercept)",-4.35425656704242,1.45540713887515,-2.99177903607627,0.00307713870424051
"Estimate","Std..Error","t.value","Pr...t.."
"mu.(Intercept)",-10.6317282159293,1.04415541213879,-10.1821319818205,2.51416523248899e-20
"mu.visitWeek 72",0.713426183407944,0.866042530726541,0.823777306651945,0.410923214138095
"phi.(Intercept)",-5.05200761601855,0.98143838441915,-5.14755454465795,5.6768044268521e-07
"Estimate","Std..Error","t.value","Pr...t.."
"mu.(Intercept)",-10.9951925070715,1.13409705294808,-9.69510720311778,7.64459930355632e-19
"mu.visitWeek 72",0.0123529623686321,1.00000666014209,0.0123528800966955,0.990154833276403
"phi.(Intercept)",-5.52102904952065,1.1659966905304,-4.73502977697921,3.83935218432465e-06
"Estimate","Std..Error","t.value","Pr...t.."
"mu.(Intercept)",-8.83346671982404,0.771213970018443,-11.4539765398866,2.60274760604099e-24
"mu.visitWeek 72",-1.26610482709463,0.801808713868452,-1.57906094707565,0.115702363840675
"phi.(Intercept)",-4.399045684918,0.836647811605762,-5.25794202040044,3.33722571477855e-07
"Estimate","Std..Error","t.value","Pr...t.."
"mu.(Intercept)",-10.0466368932211,1.12808863792485,-8.90589316784728,1.66872179529764e-16
"mu.visitWeek 72",-1.1029480209486,1.15471451465099,-0.955169444009252,0.340499221506609
"phi.(Intercept)",-4.83296720955308,1.22580397648005,-3.94269173724755,0.000107095111619548
"Estimate","Std..Error","t.value","Pr...t.."
"mu.(Intercept)",-31.4255334539747,32426.4277564382,-0.000969133377565316,0.999227587265368
"mu.visitWeek 72",21.4909153778548,32426.4277306458,0.000662759264029073,0.999471771636159
"phi.(Intercept)",-4.19588578448479,1.80365696521726,-2.32632139336948,0.0208753116942892
"Estimate","Std..Error","t.value","Pr...t.."
"mu.(Intercept)",-31.4350191568915,16879.012257566,-0.00186237314584571,0.998515663417696
"mu.visitWeek 72",20.8971528459976,16879.0122441976,0.00123805543497851,0.999013252756247
"phi.(Intercept)",-5.87205544333452,1.12495346923443,-5.21982073385726,4.01294711535578e-07
"Estimate","Std..Error","t.value","Pr...t.."
"mu.(Intercept)",-12.5390180165408,1.23862534874497,-10.1233339276044,3.80946969885929e-20
"mu.visitWeek 72",1.12381472655262,1.15471277907634,0.973241785244259,0.331460047597363
"phi.(Intercept)",-6.68122593013773,1.06639099962689,-6.26526849202156,1.82484150248613e-09
"Estimate","Std..Error","t.value","Pr...t.."
"mu.(Intercept)",-10.1420199276216,0.833810258850124,-12.1634626343025,1.3755184872679e-26
"mu.visitWeek 72",-1.62267469876964,1.0954420296679,-1.48129673211606,0.139902143862256
"phi.(Intercept)",-5.63008294386412,0.938622331057237,-5.99824099382182,7.71539431010574e-09
"Estimate","Std..Error","t.value","Pr...t.."
"mu.(Intercept)",-11.5369477870554,1.63544109114644,-7.05433405673334,2.03740329371329e-11
"mu.visitWeek 72",0.0123234036745532,1.41422896227057,0.00871386741703245,0.993055014072231
"phi.(Intercept)",-5.31546914228244,1.67575676911965,-3.17198130434818,0.00172127451560857
"Estimate","Std..Error","t.value","Pr...t.."
"mu.(Intercept)",-32.4795562445234,31860.1344555774,-0.00101944190756036,0.999187490683266
"mu.visitWeek 72",21.4601318752989,31860.1344391869,0.000673573173906753,0.999463152800677
"phi.(Intercept)",-5.57187464404909,1.63275781704354,-3.41255425996868,0.000760837629377809
"Estimate","Std..Error","t.value","Pr...t.."
"mu.(Intercept)",-11.7467915800484,1.27957716284078,-9.18021352770111,2.62510999501671e-17
"mu.visitWeek 72",-22.5094803893468,54734.4340665798,-0.000411248983810921,0.999672228817517
"phi.(Intercept)",-6.54433755611066,1.53430912102184,-4.26533184639623,2.92097163855245e-05
"Estimate","Std..Error","t.value","Pr...t.."
"mu.(Intercept)",-10.3604645715404,0.719560922501692,-14.3983146493284,6.69162048963124e-34
"mu.visitWeek 72",-1.81784424178748,1.08011951569731,-1.68300286715391,0.0937373358136059
"phi.(Intercept)",-6.18409340721061,0.831640250498921,-7.43601984572129,2.0621373338325e-12
"Estimate","Std..Error","t.value","Pr...t.."
"mu.(Intercept)",-12.0500646333673,1.06415191336069,-11.3236319759198,6.76252512546761e-24
"mu.visitWeek 72",-0.677772521078628,1.22474334667963,-0.553399635046899,0.580529670755123
"phi.(Intercept)",-6.98826527143417,1.20942370966911,-5.77817783425636,2.45115480731164e-08
"Estimate","Std..Error","t.value","Pr...t.."
"mu.(Intercept)",-13.0241269102798,1.23162870138329,-10.5747185784579,1.53509767548682e-21
"mu.visitWeek 72",0.721250671338454,1.2247715947285,0.588885857936916,0.556518275176417
"phi.(Intercept)",-7.42037476249437,1.1681867042915,-6.35204521266558,1.13201803644888e-09
"Estimate","Std..Error","t.value","Pr...t.."
"mu.(Intercept)",-13.0775834342245,1.32679186104041,-9.8565448117609,2.48230833015387e-19
"mu.visitWeek 72",0.0257326070709745,1.4142526180896,0.0181951984686687,0.985498975974189
"phi.(Intercept)",-7.50301787125788,1.43566753677436,-5.22615276801171,3.89216778677578e-07
"Estimate","Std..Error","t.value","Pr...t.."
"mu.(Intercept)",-10.6480816779799,0.960634034711438,-11.084431004132,3.87029068740586e-23
"mu.visitWeek 72",-20.9046550846363,17219.524846007,-0.00121400882263507,0.999032418228129
"phi.(Intercept)",-5.99748953943157,1.12355960546923,-5.33793624320167,2.25934864890272e-07
"Estimate","Std..Error","t.value","Pr...t.."
"mu.(Intercept)",-10.4104656716174,0.858341991624767,-12.1285755249039,1.78292485134678e-26
"mu.visitWeek 72",-22.2055203549015,29402.4944018952,-0.00075522573191852,0.999398074586659
"phi.(Intercept)",-5.98818705448837,1.00553753434419,-5.95520987527714,9.69463645794491e-09
"Estimate","Std..Error","t.value","Pr...t.."
"mu.(Intercept)",-33.300949150324,45456.0909693624,-0.000732595972072674,0.99941611081674
"mu.visitWeek 72",22.1701432321522,45456.0909584712,0.00048772656787419,0.999611275119614
"phi.(Intercept)",-5.71794063294961,1.62057226320832,-3.52834659876849,0.000505219737337133
"Estimate","Std..Error","t.value","Pr...t.."
"mu.(Intercept)",-10.773026831923,1.49178781117748,-7.22155440016615,7.53511639925929e-12
"mu.visitWeek 72",-21.9836033445756,41988.8907919211,-0.000523557610833705,0.999582717280916
"phi.(Intercept)",-5.23097764956468,1.69478779841372,-3.08650891542926,0.00227480927254312
"Estimate","Std..Error","t.value","Pr...t.."
"mu.(Intercept)",-11.9918818412519,1.54992524071027,-7.73707113496424,3.22449935239776e-13
"mu.visitWeek 72",0.0161161243123293,1.41423031631937,0.0113956857849524,0.990917676484136
"phi.(Intercept)",-5.91404272980763,1.59965808990709,-3.69706674640149,0.000272999587366839
"Estimate","Std..Error","t.value","Pr...t.."
"mu.(Intercept)",-10.9482705696519,1.45695881775115,-7.51446810730777,1.27667486897866e-12
"mu.visitWeek 72",-21.6835091483722,36176.8021044611,-0.00059937606109464,0.999522288925254
"phi.(Intercept)",-5.45591150602699,1.66632700190764,-3.27421418471943,0.00122361255141958
"Estimate","Std..Error","t.value","Pr...t.."
"mu.(Intercept)",-12.1844531426809,1.51202619267791,-8.05836115914194,4.25648811207558e-14
"mu.visitWeek 72",0.0119867696598946,1.41422185875625,0.00847587638790735,0.993244689213954
"phi.(Intercept)",-6.17886212553145,1.56873704956158,-3.93874940816773,0.000108755666563013
"Estimate","Std..Error","t.value","Pr...t.."
"mu.(Intercept)",-11.9948826849611,1.55470283863754,-7.71522530663986,3.69439942087951e-13
"mu.visitWeek 72",0.0166207084789503,1.41423157587373,0.0117524659769259,0.99063333681154
"phi.(Intercept)",-5.91661285229954,1.60781567113663,-3.67990744120367,0.000290932416037696
"Estimate","Std..Error","t.value","Pr...t.."
"mu.(Intercept)",-12.0955812043448,1.53208629072613,-7.89484331108541,1.19962445800317e-13
"mu.visitWeek 72",0.0131478919507942,1.41422439599889,0.00929689233758949,0.992590353986956
"phi.(Intercept)",-6.05600819348966,1.58745416136153,-3.81491846561133,0.000175268477512651
"Estimate","Std..Error","t.value","Pr...t.."
"mu.(Intercept)",-1.41162140310359,0.0932864908286585,-15.1321095966226,2.53728012539033e-36
"mu.visitWeek 72",0.13716840257091,0.122624799506008,1.11860246152076,0.264481790843532
"phi.(Intercept)",-1.48729438192826,0.0918902270038979,-16.1855556398307,8.54017979459175e-40
"Estimate","Std..Error","t.value","Pr...t.."
"mu.(Intercept)",-1.39160659812527,0.0716195368263083,-19.430544510504,2.43568613885405e-50
"mu.visitWeek 72",-0.18143564193066,0.0996019779820957,-1.82160681551199,0.0698192958641208
"phi.(Intercept)",-2.17658544555624,0.0918036931583714,-23.709127276627,1.4035674855315e-63
"Estimate","Std..Error","t.value","Pr...t.."
"mu.(Intercept)",-1.20886913412168,0.104329027828642,-11.5870832814355,9.78846777987371e-25
"mu.visitWeek 72",0.158631584992137,0.136987938728184,1.15799672923686,0.248071660429014
"phi.(Intercept)",-0.992763594791654,0.0888879649439035,-11.1687065331981,2.09568329370107e-23
"Estimate","Std..Error","t.value","Pr...t.."
"mu.(Intercept)",-2.28228284622646,0.0967709865429929,-23.5843709747911,3.31238426483211e-63
"mu.visitWeek 72",-0.0997197237951271,0.120872786528189,-0.82499731047295,0.410231660621775
"phi.(Intercept)",-2.06386101153691,0.103867547488871,-19.8701236472157,9.69444822027293e-52
"Estimate","Std..Error","t.value","Pr...t.."
"mu.(Intercept)",-5.06660185270901,0.306239898156716,-16.5445517818067,5.63765151652995e-41
"mu.visitWeek 72",1.02734886818859,0.241650178717917,4.25138882014994,3.09466883454535e-05
"phi.(Intercept)",-1.55303388095728,0.271226903394619,-5.72595808719501,3.21062596922525e-08
"Estimate","Std..Error","t.value","Pr...t.."
"mu.(Intercept)",-2.93721804500424,0.0798275950440863,-36.7945200326041,4.17727933157319e-98
"mu.visitWeek 72",-0.246633807592682,0.105309748344217,-2.34198458804147,0.0200396372615494
"phi.(Intercept)",-3.1414571771997,0.102098714831971,-30.7688219422717,2.62714586637417e-83
"Estimate","Std..Error","t.value","Pr...t.."
"mu.(Intercept)",-3.71022375035887,0.110371104028165,-33.6158977753097,1.61334287244951e-90
"mu.visitWeek 72",0.258622885337929,0.123592954714796,2.09253744224118,0.0374917840042208
"phi.(Intercept)",-3.03757860781725,0.117245997085733,-25.9077382880382,5.16887095853071e-70
"Estimate","Std..Error","t.value","Pr...t.."
"mu.(Intercept)",-3.64126429867615,0.104582025401515,-34.8173052175696,1.92512716492446e-93
"mu.visitWeek 72",0.10006196758421,0.120689189282815,0.829088074738252,0.407917916000414
"phi.(Intercept)",-3.12301459946392,0.114879121630209,-27.1852235214399,1.24780318047448e-73
"Estimate","Std..Error","t.value","Pr...t.."
"mu.(Intercept)",-3.46050551135871,0.121199269299333,-28.5521978091476,2.10802986815356e-77
"mu.visitWeek 72",-0.566016214787297,0.138558430978111,-4.0850362608156,6.09600707613256e-05
"phi.(Intercept)",-2.66653567024495,0.134432653262653,-19.8354760211055,1.24905206890061e-51
"Estimate","Std..Error","t.value","Pr...t.."
"mu.(Intercept)",-4.17291106404703,0.214875951542129,-19.4200934729956,2.6303115267876e-50
"mu.visitWeek 72",0.503087148982572,0.185881238706,2.70649772125891,0.00731180354514894
"phi.(Intercept)",-1.70394070450082,0.201509670456305,-8.45587559466682,3.27455868651845e-15
"Estimate","Std..Error","t.value","Pr...t.."
"mu.(Intercept)",-4.38927413160587,0.0768775555867884,-57.0943508557676,2.00175779100733e-137
"mu.visitWeek 72",-0.0955968414621958,0.100065729818199,-0.955340471067142,0.340412941239929
"phi.(Intercept)",-4.62768488989777,0.10551535166094,-43.8579298372452,2.11108037234059e-113
"Estimate","Std..Error","t.value","Pr...t.."
"mu.(Intercept)",-3.83263496482404,0.113936847605767,-33.6382394753043,1.42144482642725e-90
"mu.visitWeek 72",0.238221297603884,0.125481838377865,1.89845240302048,0.0588938293917841
"phi.(Intercept)",-3.07297802333178,0.119986483764312,-25.6110349009642,3.68372179612042e-69
"Estimate","Std..Error","t.value","Pr...t.."
"mu.(Intercept)",-3.78851529932022,0.127201822066695,-29.7834986776669,1.02804831604433e-80
"mu.visitWeek 72",0.0740248466099957,0.132965434006284,0.556722483277098,0.578260705598096
"phi.(Intercept)",-2.75590978156898,0.131021128970724,-21.0340866638752,2.09183932002264e-55
"Estimate","Std..Error","t.value","Pr...t.."
"mu.(Intercept)",-3.55511726208661,0.105876510675178,-33.5779602049172,2.00064508711996e-90
"mu.visitWeek 72",-0.44848120108251,0.129876950819369,-3.45312388574821,0.000659962198790097
"phi.(Intercept)",-3.0765424550553,0.123580546122238,-24.8950385120662,4.40814088954376e-67
"Estimate","Std..Error","t.value","Pr...t.."
"mu.(Intercept)",-5.90440465467402,0.221734106075707,-26.6283106337194,4.59310328591969e-72
"mu.visitWeek 72",1.08591052948036,0.194715329749678,5.57691338877314,6.87152613209652e-08
"phi.(Intercept)",-3.31528967019126,0.198950599065785,-16.6638838272361,2.28695667566987e-41
"Estimate","Std..Error","t.value","Pr...t.."
"mu.(Intercept)",-4.22530141874873,0.0738761130967082,-57.1944197066454,1.37599351259426e-137
"mu.visitWeek 72",-0.107792575623427,0.0977411934882015,-1.1028367035076,0.271255711545449
"phi.(Intercept)",-4.56555318153413,0.105863503618066,-43.1267908721946,6.55608151033431e-112
"Estimate","Std..Error","t.value","Pr...t.."
"mu.(Intercept)",-29.2311149632089,24916.6925844222,-0.00117315389529203,0.999064980153315
"mu.visitWeek 72",20.959268653236,24916.6925377623,0.000841173788273518,0.999329572805626
"phi.(Intercept)",-2.21417387634755,1.95576814079738,-1.13212493350301,0.258765974076945
"Estimate","Std..Error","t.value","Pr...t.."
"mu.(Intercept)",-5.84198945477842,0.234024221230197,-24.9631829734067,2.78793719215615e-67
"mu.visitWeek 72",0.248536903723552,0.202827952618988,1.22535824335036,0.221699056751578
"phi.(Intercept)",-3.41265639870862,0.233389843876306,-14.6221289754035,1.22263630011746e-34
"Estimate","Std..Error","t.value","Pr...t.."
"mu.(Intercept)",-4.56235862018767,0.117732003459872,-38.752068138743,1.50035330152187e-102
"mu.visitWeek 72",-0.172666217046375,0.134506166872986,-1.28370483718731,0.200542645126541
"phi.(Intercept)",-3.79791386170169,0.132655659436229,-28.6298668133903,1.29590742525998e-77
"Estimate","Std..Error","t.value","Pr...t.."
"mu.(Intercept)",-8.04529740248961,1.00903267610599,-7.97327737049866,7.30828706210012e-14
"mu.visitWeek 72",-0.281808189761135,0.763945930423863,-0.36888499373873,0.712554271916085
"phi.(Intercept)",-2.7622396120616,1.03287135175885,-2.67433074540972,0.0080275783457555
"Estimate","Std..Error","t.value","Pr...t.."
"mu.(Intercept)",-6.69569152922327,0.305002775012845,-21.9528872448498,2.96566568377546e-58
"mu.visitWeek 72",1.04314250833941,0.249606491301544,4.17914815796681,4.16469325591821e-05
"phi.(Intercept)",-3.39750987560488,0.274005620173382,-12.3994167472004,2.3702680028903e-27
"Estimate","Std..Error","t.value","Pr...t.."
"mu.(Intercept)",-5.59563154134965,0.118991099598442,-47.0256309945297,1.20067008473818e-119
"mu.visitWeek 72",-0.00504638938882438,0.133597961596976,-0.0377729519859576,0.969901617768311
"phi.(Intercept)",-4.79314927387307,0.133154993386351,-35.9967670154561,3.02629289951571e-96
"Estimate","Std..Error","t.value","Pr...t.."
"mu.(Intercept)",-6.1486538559798,0.205707390886106,-29.8902913964045,5.35260356905034e-81
"mu.visitWeek 72",0.324966202498617,0.183381885163169,1.77207362771666,0.077712022958282
"phi.(Intercept)",-3.9887616242018,0.204663072098351,-19.4894056035913,1.58005958453786e-50
"Estimate","Std..Error","t.value","Pr...t.."
"mu.(Intercept)",-6.52610433089045,0.417965212078011,-15.6139892562934,6.52479521144533e-38
"mu.visitWeek 72",0.355730745286243,0.32016242432204,1.1110946140526,0.267692836625938
"phi.(Intercept)",-2.80018524067254,0.408894925174637,-6.84817802391799,6.80988668845084e-11
"Estimate","Std..Error","t.value","Pr...t.."
"mu.(Intercept)",-6.19663159930642,0.182049278613373,-34.0382101291734,1.48680210820031e-91
"mu.visitWeek 72",-0.0200516786750951,0.181043816527368,-0.110755943283288,0.911906889376677
"phi.(Intercept)",-4.44215371241554,0.192092911883639,-23.1250266803513,7.9486788249073e-62
"Estimate","Std..Error","t.value","Pr...t.."
"mu.(Intercept)",-7.48696533186299,1.48668627765535,-5.03600890409148,9.62960289501918e-07
"mu.visitWeek 72",-21.6058846485867,28206.8856151292,-0.000765979092601347,0.99938950401029
"phi.(Intercept)",-1.77404503753981,1.5903223295739,-1.11552545326779,0.265794555688043
"Estimate","Std..Error","t.value","Pr...t.."
"mu.(Intercept)",-7.22910245634151,0.800882736062564,-9.02641813941758,7.42728362957298e-17
"mu.visitWeek 72",0.952300600828764,0.592170635695239,1.6081523524224,0.109179603674481
"phi.(Intercept)",-1.8157756011751,0.726866510226364,-2.49808675407211,0.0131894167809941
"Estimate","Std..Error","t.value","Pr...t.."
"mu.(Intercept)",-6.20134990827299,0.244211461726262,-25.3933614107929,1.56697089741876e-68
"mu.visitWeek 72",0.318046356013293,0.207215878537187,1.53485513879775,0.126199841147617
"phi.(Intercept)",-3.65880075223669,0.241508913174232,-15.1497545334781,2.21890102397119e-36
"Estimate","Std..Error","t.value","Pr...t.."
"mu.(Intercept)",-7.67412074997862,0.330776296155643,-23.2003346042899,4.7125675252137e-62
"mu.visitWeek 72",1.09166434651394,0.278611431085726,3.91823243669439,0.000117799816347725
"phi.(Intercept)",-4.24955338569634,0.293732473083386,-14.467427932253,3.95920159688478e-34
"Estimate","Std..Error","t.value","Pr...t.."
"mu.(Intercept)",-6.08946151380797,0.173964303465605,-35.004086427489,6.85739840911676e-94
"mu.visitWeek 72",-0.593738398236421,0.185499366070675,-3.20075702043212,0.0015649633446578
"phi.(Intercept)",-4.54986527114248,0.194344443212507,-23.4113473785685,1.09319191638642e-62
"Estimate","Std..Error","t.value","Pr...t.."
"mu.(Intercept)",-7.54036697744385,0.660619430825486,-11.4140859708315,3.48715437269118e-24
"mu.visitWeek 72",0.829917177918546,0.493859715296211,1.68047150276424,0.0942291175671973
"phi.(Intercept)",-2.67261457988693,0.613254448865095,-4.35808429084035,1.98174638136528e-05
"Estimate","Std..Error","t.value","Pr...t.."
"mu.(Intercept)",-6.94085605769642,0.2270214273176,-30.5735724583665,8.49540092145646e-83
"mu.visitWeek 72",0.500255444787366,0.203961356222303,2.45269718760903,0.0149263315939926
"phi.(Intercept)",-4.55068350992345,0.22161784652388,-20.5339217093832,7.73089138469439e-54
"Estimate","Std..Error","t.value","Pr...t.."
"mu.(Intercept)",-6.4845743156057,0.160799081472878,-40.3271850573317,5.22541059771354e-106
"mu.visitWeek 72",-0.152275661260399,0.169147475888796,-0.900253819693477,0.368930926437268
"phi.(Intercept)",-5.04258281968282,0.175159966626126,-28.788443597081,4.81019719218982e-78
"Estimate","Std..Error","t.value","Pr...t.."
"mu.(Intercept)",-7.50812583583382,1.2585719497339,-5.9655912698684,9.17593139076767e-09
"mu.visitWeek 72",0.41812847567357,0.913431048435472,0.457755926284465,0.64756182753542
"phi.(Intercept)",-1.3237777696733,1.2052598486486,-1.0983339162568,0.273212154672347
"Estimate","Std..Error","t.value","Pr...t.."
"mu.(Intercept)",-8.27466194576247,1.2749032054016,-6.49042367350225,5.23979485567586e-10
"mu.visitWeek 72",0.422000177609958,0.913130368396641,0.462146690347124,0.644414892100519
"phi.(Intercept)",-2.20782944110149,1.23603128643359,-1.78622456027945,0.0753858968194838
"Estimate","Std..Error","t.value","Pr...t.."
"mu.(Intercept)",-6.83542401161176,0.431841562601075,-15.8285459380994,1.28008975955942e-38
"mu.visitWeek 72",0.53418556273673,0.329381763021281,1.62178245036054,0.1062259064206
"phi.(Intercept)",-2.98097348283886,0.415298995264394,-7.17789717006433,9.7826413219152e-12
"Estimate","Std..Error","t.value","Pr...t.."
"mu.(Intercept)",-6.9498020015359,0.219439684974351,-31.6706707009182,1.23237718569058e-85
"mu.visitWeek 72",0.0248047907799796,0.205748681740382,0.120558686306816,0.904146302883522
"phi.(Intercept)",-4.78060124240426,0.227582670685531,-21.0059985147551,2.5600808815844e-55
"Estimate","Std..Error","t.value","Pr...t.."
"mu.(Intercept)",-6.36141615850079,0.968628008189877,-6.56745015084654,3.39686363420025e-10
"mu.visitWeek 72",-0.929772226772164,0.837417091078463,-1.11028570670174,0.268040402495159
"phi.(Intercept)",-1.07346794665134,0.996295432131044,-1.07745946837799,0.282408748065824
"Estimate","Std..Error","t.value","Pr...t.."
"mu.(Intercept)",-7.81121541846464,0.216098635365357,-36.1465282057809,1.34750531548078e-96
"mu.visitWeek 72",0.29311385692732,0.210496791644865,1.39248610221975,0.165125837046476
"phi.(Intercept)",-5.66001886866417,0.220796079483829,-25.6345985938519,3.15047279749151e-69
"Estimate","Std..Error","t.value","Pr...t.."
"mu.(Intercept)",-7.55620381776851,0.191004521591847,-39.560340010773,2.44823127791084e-104
"mu.visitWeek 72",-0.344078951130113,0.206216644691444,-1.66853142065689,0.096576919948929
"phi.(Intercept)",-5.82286794163492,0.213026917914668,-27.3339538431823,4.79510772941554e-74
"Estimate","Std..Error","t.value","Pr...t.."
"mu.(Intercept)",-7.1815664808032,0.279258598166567,-25.7165456245672,1.82994823194657e-69
"mu.visitWeek 72",-0.173122653579123,0.25388752690742,-0.681887195042284,0.495999356073261
"phi.(Intercept)",-4.55487817117999,0.292248782436672,-15.5856189825769,8.09330869401987e-38
"Estimate","Std..Error","t.value","Pr...t.."
"mu.(Intercept)",-7.41847822748377,1.06459545816393,-6.96835419557222,3.37911470279418e-11
"mu.visitWeek 72",0.288929521715085,0.764241597539276,0.378060449268121,0.705735892600396
"phi.(Intercept)",-1.69666778491171,1.03778574720687,-1.63489216293265,0.103445488561801
"Estimate","Std..Error","t.value","Pr...t.."
"mu.(Intercept)",-9.09248214030918,0.651082912489242,-13.9651678240894,1.78957955725995e-32
"mu.visitWeek 72",1.02622233764447,0.526295825398971,1.94989640449175,0.0524089901342477
"phi.(Intercept)",-4.29292986357697,0.585055900471159,-7.33764048891701,3.74687852730008e-12
"Estimate","Std..Error","t.value","Pr...t.."
"mu.(Intercept)",-6.9045112417368,0.602653112753371,-11.4568581753304,2.54829976058021e-24
"mu.visitWeek 72",-1.59296449264894,0.636390849049571,-2.50312287649639,0.0130082430497994
"phi.(Intercept)",-2.96306931089659,0.645984777311988,-4.5869026871287,7.40764185422682e-06
"Estimate","Std..Error","t.value","Pr...t.."
"mu.(Intercept)",-7.37243556083811,0.482465185464937,-15.2807617688176,8.20017644515653e-37
"mu.visitWeek 72",-0.951559574823232,0.449161895405813,-2.11852248500178,0.0352083047689729
"phi.(Intercept)",-3.80195753650113,0.516713276150689,-7.35796371408187,3.3132757972733e-12
"Estimate","Std..Error","t.value","Pr...t.."
"mu.(Intercept)",-7.94354027739371,0.613986724783067,-12.9376417384273,4.20011550444341e-29
"mu.visitWeek 72",-0.533339825694201,0.51646874827181,-1.0326662116127,0.302849483973715
"phi.(Intercept)",-3.78637561242876,0.643910391872475,-5.8802834372933,1.43895705140823e-08
"Estimate","Std..Error","t.value","Pr...t.."
"mu.(Intercept)",-9.43295911190985,0.785849641398858,-12.0035164680086,4.51288583370313e-26
"mu.visitWeek 72",1.46056417648223,0.645587173382305,2.26238103342445,0.0246119280552979
"phi.(Intercept)",-4.06617420316907,0.651137713020725,-6.2447223096716,2.04196572311839e-09
"Estimate","Std..Error","t.value","Pr...t.."
"mu.(Intercept)",-8.86423756299285,0.477341363334637,-18.5700176935612,1.41262275964826e-47
"mu.visitWeek 72",1.34599331308339,0.402537551562986,3.34377080562329,0.000965433779410089
"phi.(Intercept)",-4.60425299582257,0.403017611128395,-11.4244461499617,3.23212565882745e-24
"Estimate","Std..Error","t.value","Pr...t.."
"mu.(Intercept)",-7.72007526950601,0.560379183122891,-13.7765204383279,7.47232307439252e-32
"mu.visitWeek 72",-0.561850551504305,0.475662774150741,-1.18119512822387,0.238750489655943
"phi.(Intercept)",-3.75357512041039,0.588740221235777,-6.37560503770502,9.93638848329088e-10
"Estimate","Std..Error","t.value","Pr...t.."
"mu.(Intercept)",-8.64833149115224,0.971829918545184,-8.89901754012541,1.74732496747117e-16
"mu.visitWeek 72",-0.289525593265444,0.763852649185507,-0.379033303837021,0.70501433495039
"phi.(Intercept)",-3.48505647864506,1.00155720181546,-3.47963798006535,0.000600953230596304
"Estimate","Std..Error","t.value","Pr...t.."
"mu.(Intercept)",-9.99766512293455,0.598226948765456,-16.7121610679132,1.58787141166808e-41
"mu.visitWeek 72",1.99758261772132,0.53860770887476,3.70878950450709,0.000261353564444593
"phi.(Intercept)",-5.14132915368537,0.423009302831569,-12.1541751428869,1.47389469669827e-26
"Estimate","Std..Error","t.value","Pr...t.."
"mu.(Intercept)",-9.78086416235213,0.501677307436393,-19.4963256606782,1.50171186788309e-50
"mu.visitWeek 72",1.72608070368488,0.449941532150995,3.83623333332481,0.000161582994946052
"phi.(Intercept)",-5.39367218886444,0.382312293926982,-14.108027062019,6.05765145683687e-33
"Estimate","Std..Error","t.value","Pr...t.."
"mu.(Intercept)",-7.09020185334952,0.275772089461132,-25.7103678156988,1.90639454419281e-69
"mu.visitWeek 72",-0.59192463964043,0.263688634531933,-2.24478632039315,0.0257374283029691
"phi.(Intercept)",-4.59372226652229,0.29717773330146,-15.4578279317528,2.13613693232559e-37
"Estimate","Std..Error","t.value","Pr...t.."
"mu.(Intercept)",-9.22852486653858,1.44985600149636,-6.36513202484525,1.05297208249002e-09
"mu.visitWeek 72",1.41608193909436,1.11820509899266,1.26638837577296,0.206660706226664
"phi.(Intercept)",-2.50469320654216,1.22783565953558,-2.03992544693607,0.0425055770812166
"Estimate","Std..Error","t.value","Pr...t.."
"mu.(Intercept)",-9.42769915761414,0.703405516917758,-13.4029360459458,1.26021467851978e-30
"mu.visitWeek 72",1.16716025705622,0.577407115067098,2.02138184064564,0.0444038198298764
"phi.(Intercept)",-4.42927937777968,0.615080140658321,-7.20114190817317,8.5142565001042e-12
"Estimate","Std..Error","t.value","Pr...t.."
"mu.(Intercept)",-7.8262776653212,0.440421441270895,-17.7699742381693,5.53589546057062e-45
"mu.visitWeek 72",0.560630292976043,0.352905227109079,1.58861430749723,0.113527170559125
"phi.(Intercept)",-3.9872039379526,0.423714437388706,-9.41012055790497,5.46692034761133e-18
"Estimate","Std..Error","t.value","Pr...t.."
"mu.(Intercept)",-9.30069950733307,0.77202097687997,-12.0472108736225,3.26315460388227e-26
"mu.visitWeek 72",0.0247324862877125,0.632483919606178,0.0391037392746877,0.968841748455765
"phi.(Intercept)",-4.54276916764623,0.785436325463599,-5.78375231749676,2.38129903740941e-08
"Estimate","Std..Error","t.value","Pr...t.."
"mu.(Intercept)",-7.66991728833664,0.238744706649838,-32.1260202831887,8.52571472873227e-87
"mu.visitWeek 72",0.142630128218891,0.22531479929871,0.633026009222767,0.527348293964309
"phi.(Intercept)",-5.31741936682748,0.245381939290117,-21.6699704232945,2.21187079282893e-57
"Estimate","Std..Error","t.value","Pr...t.."
"mu.(Intercept)",-7.73425736884673,0.265381621829729,-29.1439072363839,5.27535205336145e-79
"mu.visitWeek 72",-0.20575636827997,0.25192823228052,-0.816726122425462,0.414933777725419
"phi.(Intercept)",-5.24555237345837,0.281107926138641,-18.660279151543,7.22516880285505e-48
"Estimate","Std..Error","t.value","Pr...t.."
"mu.(Intercept)",-8.77563415855536,0.488803324151125,-17.9533029440736,1.40318865166373e-45
"mu.visitWeek 72",0.108410121788579,0.417327392222652,0.259772360522983,0.795272768554383
"phi.(Intercept)",-4.93344543685589,0.496194486520926,-9.94256399632088,1.35924445908898e-19
"Estimate","Std..Error","t.value","Pr...t.."
"mu.(Intercept)",-8.43041294340419,0.272428673050123,-30.945395170842,9.12518784612453e-84
"mu.visitWeek 72",0.00578355190008675,0.26620538039484,0.0217259016008937,0.982685520642105
"phi.(Intercept)",-5.87799590286921,0.286505996827701,-20.516135675876,8.79412244540884e-54
"Estimate","Std..Error","t.value","Pr...t.."
"mu.(Intercept)",-7.54090108492488,0.257339136976823,-29.3033588808687,1.96721509639794e-79
"mu.visitWeek 72",-0.739928646855059,0.269957129281017,-2.74091167299685,0.00661029972264221
"phi.(Intercept)",-5.24223305818875,0.285311797320759,-18.3736989056054,6.08621515711317e-47
"Estimate","Std..Error","t.value","Pr...t.."
"mu.(Intercept)",-8.45558428909096,0.356783248315143,-23.6994991469505,1.49962616387412e-63
"mu.visitWeek 72",0.0857311519833113,0.319998485118403,0.267911118240418,0.789008893486222
"phi.(Intercept)",-5.28182807253042,0.365518364535445,-14.4502399468857,4.51122472643914e-34
"Estimate","Std..Error","t.value","Pr...t.."
"mu.(Intercept)",-8.15851422413743,0.754760999235542,-10.8094008996235,2.83839566785808e-22
"mu.visitWeek 72",0.00504795071216508,0.577468046563135,0.00874152386821835,0.993032972337009
"phi.(Intercept)",-3.4002813873256,0.763015458698946,-4.4563728671023,1.30468478379224e-05
"Estimate","Std..Error","t.value","Pr...t.."
"mu.(Intercept)",-8.06022083350706,0.311709603407257,-25.8581087826677,7.17337341575545e-70
"mu.visitWeek 72",-0.231821379808293,0.292864615470144,-0.791565001583219,0.429433484973802
"phi.(Intercept)",-5.25098355043566,0.329855944296022,-15.9190205337736,6.44344616984799e-39
"Estimate","Std..Error","t.value","Pr...t.."
"mu.(Intercept)",-29.4082638550681,14717.4620403794,-0.00199818853103765,0.998407416858832
"mu.visitWeek 72",21.0328686030734,14717.4620194127,0.00142910975923229,0.998860979923989
"phi.(Intercept)",-3.66571365379611,1.06387296154217,-3.44563099759801,0.000677596002631525
"Estimate","Std..Error","t.value","Pr...t.."
"mu.(Intercept)",-9.11212794015402,0.625032755170864,-14.578640662861,1.70124903748565e-34
"mu.visitWeek 72",-1.12829653919409,0.66665975853354,-1.69246234642394,0.0919179037524867
"phi.(Intercept)",-5.09279327351373,0.686224413885137,-7.42146908571833,2.25321838475681e-12
"Estimate","Std..Error","t.value","Pr...t.."
"mu.(Intercept)",-9.65361462741277,0.954398541335318,-10.1148673319494,4.04408371148671e-20
"mu.visitWeek 72",1.55671365873834,0.781818365628296,1.99114490932599,0.0476533752002562
"phi.(Intercept)",-3.83844353561908,0.776175536875941,-4.94532918554556,1.47046562251079e-06
"Estimate","Std..Error","t.value","Pr...t.."
"mu.(Intercept)",-9.4667704799206,1.2087021736445,-7.83217792301658,1.77899140754312e-13
"mu.visitWeek 72",0.41676710992883,0.912942381043543,0.456509762918929,0.648456133595294
"phi.(Intercept)",-3.61846988550666,1.17971864539419,-3.06723124164711,0.00242048058497222
"Estimate","Std..Error","t.value","Pr...t.."
"mu.(Intercept)",-7.37175936086931,0.25269662632172,-29.1723695253612,4.42264759661575e-79
"mu.visitWeek 72",-0.297995118349368,0.241892441742904,-1.23193232579831,0.219237829800224
"phi.(Intercept)",-4.9995542106266,0.269410144734803,-18.5574088739233,1.55140440251861e-47
"Estimate","Std..Error","t.value","Pr...t.."
"mu.(Intercept)",-7.42418926565005,0.394198069945037,-18.8336519929821,1.99709621965687e-48
"mu.visitWeek 72",-0.664687990720644,0.358804283513,-1.85250851582033,0.0652396163616304
"phi.(Intercept)",-4.20895161857895,0.420494393437165,-10.0095308861898,8.49332426386424e-20
"Estimate","Std..Error","t.value","Pr...t.."
"mu.(Intercept)",-8.86096610684872,0.370899022772047,-23.8905080973875,4.04161827460261e-64
"mu.visitWeek 72",0.52996432491617,0.328773819601618,1.61194198965824,0.108351887358972
"phi.(Intercept)",-5.48233198985735,0.359744977929296,-15.2394955488019,1.12200059242528e-36
"Estimate","Std..Error","t.value","Pr...t.."
"mu.(Intercept)",-9.87614835432705,0.75649579840227,-13.0551265125142,1.73547035830534e-29
"mu.visitWeek 72",0.588121307697283,0.626787630329204,0.938310329111611,0.349073532465732
"phi.(Intercept)",-4.98783705512241,0.725004770092165,-6.87972998369147,5.66961867181965e-11
"Estimate","Std..Error","t.value","Pr...t.."
"mu.(Intercept)",-7.83898471242166,0.394775880439611,-19.8567974915094,1.0686788341468e-51
"mu.visitWeek 72",-0.472468570665394,0.35613007274192,-1.32667417561162,0.18593791621095
"phi.(Intercept)",-4.58452082232691,0.418703346520665,-10.9493293053979,1.03186275513809e-22
"Estimate","Std..Error","t.value","Pr...t.."
"mu.(Intercept)",-7.99187919284152,0.304905334492547,-26.2110179414945,7.02384325529954e-71
"mu.visitWeek 72",0.127320864031531,0.274543425779829,0.463754918442797,0.643263846749908
"phi.(Intercept)",-5.11993799827624,0.311004241818879,-16.4625986074427,1.04799485431619e-40
"Estimate","Std..Error","t.value","Pr...t.."
"mu.(Intercept)",-8.88837314391257,0.361758987485137,-24.5698751140986,3.95515938779105e-66
"mu.visitWeek 72",-0.185771140478204,0.349207742011692,-0.531978871396224,0.595256344243344
"phi.(Intercept)",-5.79260649586376,0.383985503852611,-15.0854822323897,3.61615530588315e-36
"Estimate","Std..Error","t.value","Pr...t.."
"mu.(Intercept)",-9.12266209796298,1.10650025888957,-8.2446090949116,1.29000142646756e-14
"mu.visitWeek 72",0.944134516181814,0.836780378703587,1.12829428152289,0.26037633560397
"phi.(Intercept)",-3.20670885459811,1.01218324192634,-3.1681109919339,0.00174336765257184
"Estimate","Std..Error","t.value","Pr...t.."
"mu.(Intercept)",-8.91617785652253,0.379951368014024,-23.4666291718508,7.46178024065402e-63
"mu.visitWeek 72",-0.643832636062217,0.394169681389748,-1.63338954379296,0.103761191625318
"phi.(Intercept)",-5.83233385239403,0.418743164487157,-13.9281887969133,2.36849721717052e-32
"Estimate","Std..Error","t.value","Pr...t.."
"mu.(Intercept)",-10.817098692853,0.739662791221376,-14.6243650772147,1.20204284280075e-34
"mu.visitWeek 72",1.2663507315021,0.65829264907745,1.92368961323934,0.0556332433172162
"phi.(Intercept)",-5.82944512509525,0.623191582678184,-9.35417821281064,8.02067131444495e-18
"Estimate","Std..Error","t.value","Pr...t.."
"mu.(Intercept)",-9.71134289137995,0.658904509724178,-14.7386195542131,5.0458943446575e-35
"mu.visitWeek 72",0.0112576227399402,0.57731522798603,0.0194999580718016,0.984459249890787
"phi.(Intercept)",-5.31636512952068,0.676727577324564,-7.85599007290184,1.5319144322868e-13
"Estimate","Std..Error","t.value","Pr...t.."
"mu.(Intercept)",-8.4500465607487,0.774666178578638,-10.9079843607641,1.39201790653984e-22
"mu.visitWeek 72",-2.10770018628878,1.0606968353336,-1.98709010537011,0.0481040802338901
"phi.(Intercept)",-4.10273480352416,0.849054508191329,-4.83212180601205,2.47457173348794e-06
"Estimate","Std..Error","t.value","Pr...t.."
"mu.(Intercept)",-10.0635942575772,0.461719035402752,-21.7959267128738,9.0315265258939e-58
"mu.visitWeek 72",0.423600313577714,0.433438492731939,0.977302017889053,0.329450937213729
"phi.(Intercept)",-6.34939908864214,0.45811121262919,-13.8599512817023,3.97213698545368e-32
"Estimate","Std..Error","t.value","Pr...t.."
"mu.(Intercept)",-8.60967194129343,1.53052206344253,-5.62531710384371,5.37529895518594e-08
"mu.visitWeek 72",-0.688877970991753,1.22488055515289,-0.56240420185768,0.574390769624654
"phi.(Intercept)",-2.59935457495046,1.59201569980894,-1.63274430978439,0.103896992791621
"Estimate","Std..Error","t.value","Pr...t.."
"mu.(Intercept)",-10.2653832152954,1.01763596313523,-10.087480776199,4.90595408685787e-20
"mu.visitWeek 72",-0.392558550129342,0.912882981022433,-0.430020668902902,0.667584986563252
"phi.(Intercept)",-5.10435087410763,1.0742317335183,-4.75162920144799,3.56327873663967e-06
"Estimate","Std..Error","t.value","Pr...t.."
"mu.(Intercept)",-9.92584773239076,1.05353033420879,-9.42151109473765,5.05587747901501e-18
"mu.visitWeek 72",-0.39996300276511,0.912890400870459,-0.438128172214033,0.66170636740674
"phi.(Intercept)",-4.68099062359211,1.10614543697822,-4.23180394467811,3.3554113939193e-05
"Estimate","Std..Error","t.value","Pr...t.."
"mu.(Intercept)",-7.72050636628775,1.16672413788598,-6.61725091269366,2.56222853930923e-10
"mu.visitWeek 72",-1.39739738680231,1.11821299175036,-1.24967014076177,0.212695751208303
"phi.(Intercept)",-2.38437833507931,1.23390903918551,-1.93237771939269,0.0545463792817596
"Estimate","Std..Error","t.value","Pr...t.."
"mu.(Intercept)",-9.24454740503063,0.637519416730219,-14.5008091713427,3.07261260556097e-34
"mu.visitWeek 72",-0.707327108483292,0.612353188870743,-1.15509663595889,0.24925470765204
"phi.(Intercept)",-5.10020361797815,0.68705248056175,-7.42331009970025,2.22810856857783e-12
"Estimate","Std..Error","t.value","Pr...t.."
"mu.(Intercept)",-9.2190715320855,0.638924119803929,-14.4290554172765,5.29857013550576e-34
"mu.visitWeek 72",-1.53067749388272,0.78172873005308,-1.95806733849834,0.0514364488457326
"phi.(Intercept)",-5.22089648343272,0.711580150409478,-7.33704626306448,3.76036510899037e-12
"Estimate","Std..Error","t.value","Pr...t.."
"mu.(Intercept)",-30.2407865887019,44001.9245001236,-0.00068726054444771,0.999452243777463
"mu.visitWeek 72",22.0988081526734,44001.9244736337,0.000502223673555805,0.999599720725053
"phi.(Intercept)",-2.06571715899843,1.95411332812948,-1.05711226122989,0.291574230443658
"Estimate","Std..Error","t.value","Pr...t.."
"mu.(Intercept)",-11.3133352427545,1.67674224844974,-6.74721189450224,1.21977367686721e-10
"mu.visitWeek 72",0.0139859796752777,1.41423435120401,0.00988943569597974,0.992118110475429
"phi.(Intercept)",-5.026875388562,1.71309965179307,-2.9343741815022,0.00368220974830775
"Estimate","Std..Error","t.value","Pr...t.."
"mu.(Intercept)",-9.25494172613363,1.68850042704207,-5.48116042964023,1.11201198072607e-07
"mu.visitWeek 72",0.70302637211827,1.22488931125282,0.573950940431683,0.566564291272386
"phi.(Intercept)",-2.53911208395822,1.59309992421331,-1.59381847012017,0.112355954816592
"Estimate","Std..Error","t.value","Pr...t.."
"mu.(Intercept)",-12.3297618303135,1.17949176997512,-10.4534530415363,3.65488623161368e-21
"mu.visitWeek 72",1.6601460604192,1.09549794625398,1.51542599061552,0.131043639682159
"phi.(Intercept)",-6.37759101643062,0.881168892403378,-7.23764884508781,6.84217069687949e-12
"Estimate","Std..Error","t.value","Pr...t.."
"mu.(Intercept)",-11.8808129478178,1.40465243564963,-8.45818698368834,3.22549550568591e-15
"mu.visitWeek 72",0.715992571361895,1.22476794679204,0.584594472150624,0.559395920306096
"phi.(Intercept)",-5.76563912565995,1.31720834966052,-4.37716563757427,1.82829097090282e-05
"Estimate","Std..Error","t.value","Pr...t.."
"mu.(Intercept)",-10.638953314175,1.00232044000687,-10.6143234134806,1.15554251363999e-21
"mu.visitWeek 72",0.955575524087557,0.836698418099898,1.14207879854443,0.254614008278218
"phi.(Intercept)",-5.05374598168071,0.906091811041276,-5.57752086499157,6.85044432218112e-08
"Estimate","Std..Error","t.value","Pr...t.."
"mu.(Intercept)",-10.5327283115462,1.05548054155175,-9.97908336240972,1.05194524420153e-19
"mu.visitWeek 72",0.723318960565522,0.866058359402926,0.835185011162746,0.404484038554192
"phi.(Intercept)",-4.91803957441849,0.992026743755265,-4.95756753069126,1.38926896198337e-06
"Estimate","Std..Error","t.value","Pr...t.."
"mu.(Intercept)",-31.1349151500826,19392.6580315499,-0.00160550013821876,0.998720394487686
"mu.visitWeek 72",22.0195980692843,19392.6580246995,0.00113546054600865,0.999095022259763
"phi.(Intercept)",-5.11652526961141,0.784086413499702,-6.52546094603814,4.30395899128964e-10
"Estimate","Std..Error","t.value","Pr...t.."
"mu.(Intercept)",-10.5434518882185,1.19190167762357,-8.84590741514866,2.49195980276919e-16
"mu.visitWeek 72",0.0110616237056239,1.00001684236456,0.0110614374048625,0.991184060249796
"phi.(Intercept)",-4.93935319779668,1.21806020397713,-4.05509775433843,6.87183374263978e-05
"Estimate","Std..Error","t.value","Pr...t.."
"mu.(Intercept)",-11.3914883191702,1.36933987288418,-8.3189634251844,7.97812501069597e-15
"mu.visitWeek 72",1.12921829870144,1.15473610691284,0.977901610542323,0.329154917272059
"phi.(Intercept)",-5.12335453636991,1.19626078893264,-4.28280738094009,2.71641389348827e-05
"Estimate","Std..Error","t.value","Pr...t.."
"mu.(Intercept)",-10.8752271171503,1.02312079855241,-10.6294653891675,1.03654090495987e-21
"mu.visitWeek 72",0.724758967632673,0.866051363588963,0.836854484737756,0.403546812478052
"phi.(Intercept)",-5.35763774777388,0.960372485358059,-5.578708084058,6.809425058806e-08
"Estimate","Std..Error","t.value","Pr...t.."
"mu.(Intercept)",-9.43049967201381,1.31023823764367,-7.19754576005476,8.69930748286581e-12
"mu.visitWeek 72",0.0124399465281345,1.00007110662282,0.0124390620284426,0.990086150371652
"phi.(Intercept)",-3.57074616516385,1.3246017896134,-2.69571292532077,0.00754509281754185
"Estimate","Std..Error","t.value","Pr...t.."
"mu.(Intercept)",-31.7530290550178,27355.5028935273,-0.00116075471829586,0.999074862464035
"mu.visitWeek 72",21.5644031754871,27355.5028777303,0.000788302202736778,0.999371712184701
"phi.(Intercept)",-5.02743551130395,1.3908018704199,-3.61477477002967,0.000369622330393572
"Estimate","Std..Error","t.value","Pr...t.."
"mu.(Intercept)",-9.83245617012565,1.15393503318766,-8.52080566699171,2.14110676824913e-15
"mu.visitWeek 72",-1.10071780059334,1.15472034471062,-0.953233227105896,0.341476993718461
"phi.(Intercept)",-4.56499686132932,1.2474073840042,-3.65958781378671,0.000313604063441651
"Estimate","Std..Error","t.value","Pr...t.."
"mu.(Intercept)",-31.9279824264858,30983.9117421677,-0.00103046970609051,0.999178701378241
"mu.visitWeek 72",21.4002375824593,30983.9117202092,0.000690688695982212,0.999449511493395
"phi.(Intercept)",-4.93344099818669,1.72497379953507,-2.86000923580196,0.00462768830401674
"Estimate","Std..Error","t.value","Pr...t.."
"mu.(Intercept)",-8.99796769193499,0.580199816412533,-15.5083945864907,1.4548809890932e-37
"mu.visitWeek 72",-1.75996298227428,0.76872215573617,-2.28946566602968,0.0229632611976329
"phi.(Intercept)",-5.21891064377153,0.65078263714562,-8.01943743714805,5.45274273513813e-14
"Estimate","Std..Error","t.value","Pr...t.."
"mu.(Intercept)",-10.524804041311,0.804924632853854,-13.0755149137322,1.48852467328453e-29
"mu.visitWeek 72",0.891749479793194,0.690081817925375,1.29223732118331,0.197577441856487
"phi.(Intercept)",-5.44199608438773,0.734635572893797,-7.40774920951786,2.44935289309076e-12
"Estimate","Std..Error","t.value","Pr...t.."
"mu.(Intercept)",-32.4161774523054,29514.1363817316,-0.00109832715526686,0.999124618072984
"mu.visitWeek 72",21.7197263258304,29514.1363705718,0.000735909262365777,0.999413470078752
"phi.(Intercept)",-5.69006945344432,1.31963114147194,-4.31186357658816,2.40630844507897e-05
"Estimate","Std..Error","t.value","Pr...t.."
"mu.(Intercept)",-8.24538584950978,1.82533170596694,-4.51719861248009,1.00373989151793e-05
"mu.visitWeek 72",-21.5254593207192,33288.5366477184,-0.000646632789795359,0.999484624658899
"phi.(Intercept)",-2.17676128132347,1.96081492767748,-1.11013092087267,0.268106945387867
"Estimate","Std..Error","t.value","Pr...t.."
"mu.(Intercept)",-10.0496561389054,1.87077489740288,-5.37192163143572,1.91186239453443e-07
"mu.visitWeek 72",0.0111437882924201,1.41427194798389,0.00787952296466466,0.993719975263725
"phi.(Intercept)",-3.47366217804276,1.89068176769563,-1.83725375544108,0.067468240533145
"Estimate","Std..Error","t.value","Pr...t.."
"mu.(Intercept)",-10.4782290525382,1.58414928412658,-6.61442021754619,2.60372072431427e-10
"mu.visitWeek 72",0.706747589487591,1.2247875821794,0.577036867266402,0.564481374643637
"phi.(Intercept)",-3.99392003620115,1.4948504537636,-2.67178568006292,0.00808682153978481
"Estimate","Std..Error","t.value","Pr...t.."
"mu.(Intercept)",-11.2098666634789,1.49679652884323,-7.48923881600805,1.49000335281462e-12
"mu.visitWeek 72",0.714187376285921,1.22477390494473,0.583117727608795,0.560387848993744
"phi.(Intercept)",-4.89580465287475,1.40777127338614,-3.47769893123248,0.00060509534129553
"Estimate","Std..Error","t.value","Pr...t.."
"mu.(Intercept)",-10.2180478117368,0.613032157223653,-16.6680453730406,2.21614487333431e-41
"mu.visitWeek 72",0.843803825281961,0.539322418626249,1.56456285913588,0.119066263280486
"phi.(Intercept)",-5.7312371141563,0.563645076541334,-10.1681667288298,2.77518475837351e-20
"Estimate","Std..Error","t.value","Pr...t.."
"mu.(Intercept)",-11.8562315065509,1.22006139840202,-9.71773348626519,6.53251472015429e-19
"mu.visitWeek 72",1.64834046861858,1.09547296180508,1.50468384532513,0.133783343723434
"phi.(Intercept)",-5.73306566162964,0.931083617743549,-6.15741223707011,3.28344055584083e-09
"Estimate","Std..Error","t.value","Pr...t.."
"mu.(Intercept)",-10.6428272526086,1.04242193795368,-10.2097115046341,2.06830176523209e-20
"mu.visitWeek 72",0.71469998670686,0.866042325800929,0.825248334191859,0.4100894553972
"phi.(Intercept)",-5.06821114817959,0.979756751055432,-5.17292801781658,5.02789663990066e-07
"Estimate","Std..Error","t.value","Pr...t.."
"mu.(Intercept)",-9.08981096599242,1.7603214403229,-5.16372223718701,5.25453983085037e-07
"mu.visitWeek 72",-22.0839660600774,44081.1676469782,-0.000500984144452245,0.99960070864696
"phi.(Intercept)",-3.16483484542024,1.91436390767366,-1.65320440525133,0.0996594907648725
"Estimate","Std..Error","t.value","Pr...t.."
"mu.(Intercept)",-12.1382662720172,1.52318356584601,-7.96901079041998,7.50849519518926e-14
"mu.visitWeek 72",0.0171347504008461,1.41423149046078,0.0121159446076705,0.990343659980346
"phi.(Intercept)",-6.11234790502261,1.57833262397619,-3.8726614480186,0.00014050750649155
"Estimate","Std..Error","t.value","Pr...t.."
"mu.(Intercept)",-9.59331672329457,1.13003366449824,-8.48940790410363,2.62996494075184e-15
"mu.visitWeek 72",0.722847599540036,0.86610288362129,0.834597844216515,0.404813979608304
"phi.(Intercept)",-3.76522440703517,1.06472558143851,-3.53633318544682,0.000490959786579611
"Estimate","Std..Error","t.value","Pr...t.."
"mu.(Intercept)",-11.09371607081,0.681289897691898,-16.2834002212476,4.06950483645201e-40
"mu.visitWeek 72",-0.910367807803567,0.836606152222658,-1.08816771832832,0.277664979627056
"phi.(Intercept)",-6.95750722660149,0.78625891567384,-8.84887546316568,2.44307474991375e-16
"Estimate","Std..Error","t.value","Pr...t.."
"mu.(Intercept)",-11.0852608960813,1.04897388686721,-10.5677186390099,1.61406802412433e-21
"mu.visitWeek 72",0.422388311406843,0.912875074907459,0.462701111047052,0.644017983509174
"phi.(Intercept)",-5.64266256487813,1.02850720029135,-5.48626452326216,1.08400321559374e-07
"Estimate","Std..Error","t.value","Pr...t.."
"mu.(Intercept)",-8.19668748947957,0.649426252858345,-12.621429228343,4.50605994452972e-28
"mu.visitWeek 72",-0.618949471256065,0.557836815522628,-1.10955292664967,0.26835552781725
"phi.(Intercept)",-3.95535166995727,0.684914822160783,-5.7749541139712,2.49246174665718e-08
"Estimate","Std..Error","t.value","Pr...t.."
"mu.(Intercept)",-11.0544639936636,0.836064938265507,-13.2220160034424,4.93586066046138e-30
"mu.visitWeek 72",0.311699334998995,0.763754355261907,0.408114641640383,0.68357083359229
"phi.(Intercept)",-6.14583930102437,0.836245004472626,-7.34932856776851,3.49110093228239e-12
"Estimate","Std..Error","t.value","Pr...t.."
"mu.(Intercept)",-10.1124973843644,0.972428982481808,-10.3992143041187,5.38153773694683e-21
"mu.visitWeek 72",0.00888312364932762,0.816508704365534,0.0108793985928542,0.99132913896023
"phi.(Intercept)",-4.91596572106858,0.993975769705737,-4.94576011900566,1.46753010203699e-06
"Estimate","Std..Error","t.value","Pr...t.."
"mu.(Intercept)",-8.93290677275559,1.18444721179364,-7.54183612727513,1.07929151697407e-12
"mu.visitWeek 72",-22.0312217892537,30158.5420560298,-0.000730513489290137,0.999417770584197
"phi.(Intercept)",-3.8230372006456,1.30355510182021,-2.93277759820612,0.00370049768903941
"Estimate","Std..Error","t.value","Pr...t.."
"mu.(Intercept)",-11.7386855117545,1.33293300748163,-8.80665828354937,3.23739688832353e-16
"mu.visitWeek 72",1.12718637762877,1.15472776945595,0.976149017495126,0.330020663258885
"phi.(Intercept)",-5.57620406709222,1.16034972148862,-4.80562365278846,2.79156431240415e-06
"Estimate","Std..Error","t.value","Pr...t.."
"mu.(Intercept)",-31.9829405575025,32318.1546337524,-0.000989627685118511,0.999211253023486
"mu.visitWeek 72",21.4851392028188,32318.1546126335,0.000664800928776422,0.999470144401161
"phi.(Intercept)",-4.89634479207196,1.72368497490449,-2.84062625326491,0.0049080788429584
"Estimate","Std..Error","t.value","Pr...t.."
"mu.(Intercept)",-9.90301136829535,0.77507449579834,-12.7768510278423,1.40531604739009e-28
"mu.visitWeek 72",0.430051721947995,0.645499864973459,0.666230537423393,0.505934357123538
"phi.(Intercept)",-5.02407510197124,0.758210209880562,-6.62622981925114,2.43487034450693e-10
"Estimate","Std..Error","t.value","Pr...t.."
"mu.(Intercept)",-11.3763169901868,1.4757049375486,-7.70907293234705,3.83853967787085e-13
"mu.visitWeek 72",0.713402347884665,1.22476981591701,0.58247871445993,0.560817339592196
"phi.(Intercept)",-5.10739154669204,1.38755491248006,-3.68085724085924,0.000289911436612728
"Estimate","Std..Error","t.value","Pr...t.."
"mu.(Intercept)",-11.6569533827822,1.34078541768054,-8.69412303345891,6.83505373354517e-16
"mu.visitWeek 72",1.12748355245615,1.15472926539124,0.976405107455333,0.329894067430482
"phi.(Intercept)",-5.46869119077495,1.16725118590915,-4.68510227857727,4.79979278645807e-06
"Estimate","Std..Error","t.value","Pr...t.."
"mu.(Intercept)",-31.4644977339444,30998.5646058733,-0.00101503079687705,0.999191006398346
"mu.visitWeek 72",21.813107103225,30998.5645887149,0.000703681199198693,0.999439156289148
"phi.(Intercept)",-4.35425656704242,1.45540713887515,-2.99177903607627,0.00307713870424051
"Estimate","Std..Error","t.value","Pr...t.."
"mu.(Intercept)",-10.6317282159293,1.04415541213879,-10.1821319818205,2.51416523248899e-20
"mu.visitWeek 72",0.713426183407944,0.866042530726541,0.823777306651945,0.410923214138095
"phi.(Intercept)",-5.05200761601855,0.98143838441915,-5.14755454465795,5.6768044268521e-07
"Estimate","Std..Error","t.value","Pr...t.."
"mu.(Intercept)",-10.9951925070715,1.13409705294808,-9.69510720311778,7.64459930355632e-19
"mu.visitWeek 72",0.0123529623686321,1.00000666014209,0.0123528800966955,0.990154833276403
"phi.(Intercept)",-5.52102904952065,1.1659966905304,-4.73502977697921,3.83935218432465e-06
"Estimate","Std..Error","t.value","Pr...t.."
"mu.(Intercept)",-8.83346671982404,0.771213970018443,-11.4539765398866,2.60274760604099e-24
"mu.visitWeek 72",-1.26610482709463,0.801808713868452,-1.57906094707565,0.115702363840675
"phi.(Intercept)",-4.399045684918,0.836647811605762,-5.25794202040044,3.33722571477855e-07
"Estimate","Std..Error","t.value","Pr...t.."
"mu.(Intercept)",-10.0466368932211,1.12808863792485,-8.90589316784728,1.66872179529764e-16
"mu.visitWeek 72",-1.1029480209486,1.15471451465099,-0.955169444009252,0.340499221506609
"phi.(Intercept)",-4.83296720955308,1.22580397648005,-3.94269173724755,0.000107095111619548
"Estimate","Std..Error","t.value","Pr...t.."
"mu.(Intercept)",-31.4255334539747,32426.4277564382,-0.000969133377565316,0.999227587265368
"mu.visitWeek 72",21.4909153778548,32426.4277306458,0.000662759264029073,0.999471771636159
"phi.(Intercept)",-4.19588578448479,1.80365696521726,-2.32632139336948,0.0208753116942892
"Estimate","Std..Error","t.value","Pr...t.."
"mu.(Intercept)",-31.4350191568915,16879.012257566,-0.00186237314584571,0.998515663417696
"mu.visitWeek 72",20.8971528459976,16879.0122441976,0.00123805543497851,0.999013252756247
"phi.(Intercept)",-5.87205544333452,1.12495346923443,-5.21982073385726,4.01294711535578e-07
"Estimate","Std..Error","t.value","Pr...t.."
"mu.(Intercept)",-12.5390180165408,1.23862534874497,-10.1233339276044,3.80946969885929e-20
"mu.visitWeek 72",1.12381472655262,1.15471277907634,0.973241785244259,0.331460047597363
"phi.(Intercept)",-6.68122593013773,1.06639099962689,-6.26526849202156,1.82484150248613e-09
"Estimate","Std..Error","t.value","Pr...t.."
"mu.(Intercept)",-10.1420199276216,0.833810258850124,-12.1634626343025,1.3755184872679e-26
"mu.visitWeek 72",-1.62267469876964,1.0954420296679,-1.48129673211606,0.139902143862256
"phi.(Intercept)",-5.63008294386412,0.938622331057237,-5.99824099382182,7.71539431010574e-09
"Estimate","Std..Error","t.value","Pr...t.."
"mu.(Intercept)",-11.5369477870554,1.63544109114644,-7.05433405673334,2.03740329371329e-11
"mu.visitWeek 72",0.0123234036745532,1.41422896227057,0.00871386741703245,0.993055014072231
"phi.(Intercept)",-5.31546914228244,1.67575676911965,-3.17198130434818,0.00172127451560857
"Estimate","Std..Error","t.value","Pr...t.."
"mu.(Intercept)",-32.4795562445234,31860.1344555774,-0.00101944190756036,0.999187490683266
"mu.visitWeek 72",21.4601318752989,31860.1344391869,0.000673573173906753,0.999463152800677
"phi.(Intercept)",-5.57187464404909,1.63275781704354,-3.41255425996868,0.000760837629377809
"Estimate","Std..Error","t.value","Pr...t.."
"mu.(Intercept)",-11.7467915800484,1.27957716284078,-9.18021352770111,2.62510999501671e-17
"mu.visitWeek 72",-22.5094803893468,54734.4340665798,-0.000411248983810921,0.999672228817517
"phi.(Intercept)",-6.54433755611066,1.53430912102184,-4.26533184639623,2.92097163855245e-05
"Estimate","Std..Error","t.value","Pr...t.."
"mu.(Intercept)",-10.3604645715404,0.719560922501692,-14.3983146493284,6.69162048963124e-34
"mu.visitWeek 72",-1.81784424178748,1.08011951569731,-1.68300286715391,0.0937373358136059
"phi.(Intercept)",-6.18409340721061,0.831640250498921,-7.43601984572129,2.0621373338325e-12
"Estimate","Std..Error","t.value","Pr...t.."
"mu.(Intercept)",-12.0500646333673,1.06415191336069,-11.3236319759198,6.76252512546761e-24
"mu.visitWeek 72",-0.677772521078628,1.22474334667963,-0.553399635046899,0.580529670755123
"phi.(Intercept)",-6.98826527143417,1.20942370966911,-5.77817783425636,2.45115480731164e-08
"Estimate","Std..Error","t.value","Pr...t.."
"mu.(Intercept)",-13.0241269102798,1.23162870138329,-10.5747185784579,1.53509767548682e-21
"mu.visitWeek 72",0.721250671338454,1.2247715947285,0.588885857936916,0.556518275176417
"phi.(Intercept)",-7.42037476249437,1.1681867042915,-6.35204521266558,1.13201803644888e-09
"Estimate","Std..Error","t.value","Pr...t.."
"mu.(Intercept)",-13.0775834342245,1.32679186104041,-9.8565448117609,2.48230833015387e-19
"mu.visitWeek 72",0.0257326070709745,1.4142526180896,0.0181951984686687,0.985498975974189
"phi.(Intercept)",-7.50301787125788,1.43566753677436,-5.22615276801171,3.89216778677578e-07
"Estimate","Std..Error","t.value","Pr...t.."
"mu.(Intercept)",-10.6480816779799,0.960634034711438,-11.084431004132,3.87029068740586e-23
"mu.visitWeek 72",-20.9046550846363,17219.524846007,-0.00121400882263507,0.999032418228129
"phi.(Intercept)",-5.99748953943157,1.12355960546923,-5.33793624320167,2.25934864890272e-07
"Estimate","Std..Error","t.value","Pr...t.."
"mu.(Intercept)",-10.4104656716174,0.858341991624767,-12.1285755249039,1.78292485134678e-26
"mu.visitWeek 72",-22.2055203549015,29402.4944018952,-0.00075522573191852,0.999398074586659
"phi.(Intercept)",-5.98818705448837,1.00553753434419,-5.95520987527714,9.69463645794491e-09
"Estimate","Std..Error","t.value","Pr...t.."
"mu.(Intercept)",-33.300949150324,45456.0909693624,-0.000732595972072674,0.99941611081674
"mu.visitWeek 72",22.1701432321522,45456.0909584712,0.00048772656787419,0.999611275119614
"phi.(Intercept)",-5.71794063294961,1.62057226320832,-3.52834659876849,0.000505219737337133
"Estimate","Std..Error","t.value","Pr...t.."
"mu.(Intercept)",-10.773026831923,1.49178781117748,-7.22155440016615,7.53511639925929e-12
"mu.visitWeek 72",-21.9836033445756,41988.8907919211,-0.000523557610833705,0.999582717280916
"phi.(Intercept)",-5.23097764956468,1.69478779841372,-3.08650891542926,0.00227480927254312
"Estimate","Std..Error","t.value","Pr...t.."
"mu.(Intercept)",-11.9918818412519,1.54992524071027,-7.73707113496424,3.22449935239776e-13
"mu.visitWeek 72",0.0161161243123293,1.41423031631937,0.0113956857849524,0.990917676484136
"phi.(Intercept)",-5.91404272980763,1.59965808990709,-3.69706674640149,0.000272999587366839
"Estimate","Std..Error","t.value","Pr...t.."
"mu.(Intercept)",-10.9482705696519,1.45695881775115,-7.51446810730777,1.27667486897866e-12
"mu.visitWeek 72",-21.6835091483722,36176.8021044611,-0.00059937606109464,0.999522288925254
"phi.(Intercept)",-5.45591150602699,1.66632700190764,-3.27421418471943,0.00122361255141958
"Estimate","Std..Error","t.value","Pr...t.."
"mu.(Intercept)",-12.1844531426809,1.51202619267791,-8.05836115914194,4.25648811207558e-14
"mu.visitWeek 72",0.0119867696598946,1.41422185875625,0.00847587638790735,0.993244689213954
"phi.(Intercept)",-6.17886212553145,1.56873704956158,-3.93874940816773,0.000108755666563013
"Estimate","Std..Error","t.value","Pr...t.."
"mu.(Intercept)",-11.9948826849611,1.55470283863754,-7.71522530663986,3.69439942087951e-13
"mu.visitWeek 72",0.0166207084789503,1.41423157587373,0.0117524659769259,0.99063333681154
"phi.(Intercept)",-5.91661285229954,1.60781567113663,-3.67990744120367,0.000290932416037696
"Estimate","Std..Error","t.value","Pr...t.."
"mu.(Intercept)",-12.0955812043448,1.53208629072613,-7.89484331108541,1.19962445800317e-13
"mu.visitWeek 72",0.0131478919507942,1.41422439599889,0.00929689233758949,0.992590353986956
"phi.(Intercept)",-6.05600819348966,1.58745416136153,-3.81491846561133,0.000175268477512651
